task,task_type,metric,representation,test_mean,test_std_ddof0,selected_max_features,selected_min_samples_leaf
bbb_martins,classification,auroc,ecfp4,0.8860857296425692,0.001808628962605889,sqrt,2
bbb_martins,classification,auroc,rdkit_descriptors,0.9051442264624204,0.0020572110312935556,sqrt,2
clintox,classification,auroc,ecfp4,0.7363184079601991,0.0021278044042181495,sqrt,2
clintox,classification,auroc,rdkit_descriptors,0.7984679775724551,0.010370237349303315,0.25,1
hia_hou,classification,auroc,ecfp4,0.9171993911719939,0.0018765339430651697,sqrt,2
hia_hou,classification,auroc,rdkit_descriptors,0.9482496194824962,0.0037530678861302734,sqrt,2
lipophilicity_astrazeneca,regression,mae,ecfp4,0.7203382523148143,0.0024140191324900605,0.25,1
lipophilicity_astrazeneca,regression,mae,rdkit_descriptors,0.588087883563437,0.0010895498555214462,0.5,2
herg,classification,auroc,ecfp4,0.8169950738916256,0.004528270027303026,sqrt,1
herg,classification,auroc,rdkit_descriptors,0.8305418719211822,0.0026298222295643393,sqrt,1
ames,classification,auroc,ecfp4,0.8425947839806951,0.000867611305491136,sqrt,2
ames,classification,auroc,rdkit_descriptors,0.848486008631491,0.0010793965956541142,0.5,2
dili,classification,auroc,ecfp4,0.8791806020066889,0.0027093397568595315,sqrt,1
dili,classification,auroc,rdkit_descriptors,0.9053790412486064,0.0011987632757863077,0.25,1
bioavailability_ma,classification,auroc,ecfp4,0.6472587719298245,0.0016189498969553535,0.25,1
bioavailability_ma,classification,auroc,rdkit_descriptors,0.6968201754385964,0.007188501492580645,0.25,1
caco2_wang,regression,mae,ecfp4,0.427108373366938,0.0024728202298033176,sqrt,1
caco2_wang,regression,mae,rdkit_descriptors,0.3134667306744933,0.001318504048045155,0.5,2
pgp_broccatelli,classification,auroc,ecfp4,0.8904320987654321,0.003733101102755507,sqrt,2
pgp_broccatelli,classification,auroc,rdkit_descriptors,0.9518559129304743,0.0010484349125589629,sqrt,1
solubility_aqsoldb,regression,mae,ecfp4,1.3644256755642266,0.0041487469012726685,sqrt,1
solubility_aqsoldb,regression,mae,rdkit_descriptors,0.8923032496590074,0.0017348984286349543,0.5,2
ppbr_az,regression,mae,ecfp4,10.770910567951246,0.03222130003637722,0.5,2
ppbr_az,regression,mae,rdkit_descriptors,8.327049759587908,0.030524300910364403,0.5,2
vdss_lombardo,regression,spearman,ecfp4,0.4985376297269406,0.002960121049845097,sqrt,1
vdss_lombardo,regression,spearman,rdkit_descriptors,0.5872304673326406,0.01821304613006629,sqrt,1
cyp2c9_veith,classification,auprc,ecfp4,0.7230673816640762,0.002466873386942342,sqrt,2
cyp2c9_veith,classification,auprc,rdkit_descriptors,0.7595714189385446,0.0017284843007995337,0.5,2
cyp2d6_veith,classification,auprc,ecfp4,0.6787277179117996,0.002937983223083043,sqrt,2
cyp2d6_veith,classification,auprc,rdkit_descriptors,0.6784096007843217,0.0005611282962939451,0.5,2
cyp3a4_veith,classification,auprc,ecfp4,0.8319733259663659,9.851546497732062e-05,sqrt,2
cyp3a4_veith,classification,auprc,rdkit_descriptors,0.8469234607986804,0.000636391409180932,0.5,2
cyp2c9_substrate_carbonmangels,classification,auprc,ecfp4,0.40387309903739627,0.0031325454919303867,sqrt,2
cyp2c9_substrate_carbonmangels,classification,auprc,rdkit_descriptors,0.39338622422268665,0.014360039013411211,sqrt,2
cyp2d6_substrate_carbonmangels,classification,auprc,ecfp4,0.5968271582242822,0.00485253293386237,sqrt,2
cyp2d6_substrate_carbonmangels,classification,auprc,rdkit_descriptors,0.6140472712970814,0.004977075146523861,sqrt,2
cyp3a4_substrate_carbonmangels,classification,auroc,ecfp4,0.6746156878202602,0.004540047968248867,sqrt,1
cyp3a4_substrate_carbonmangels,classification,auroc,rdkit_descriptors,0.7366311916962291,0.0015875766618834084,0.5,2
half_life_obach,regression,spearman,ecfp4,0.32532681287214094,0.012113195654396263,sqrt,2
half_life_obach,regression,spearman,rdkit_descriptors,0.4063784285172464,0.016644619627397925,0.25,1
clearance_microsome_az,regression,spearman,ecfp4,0.5259434086570504,0.004761180539987186,sqrt,2
clearance_microsome_az,regression,spearman,rdkit_descriptors,0.5564186024245602,0.0020146437864937586,0.5,2
clearance_hepatocyte_az,regression,spearman,ecfp4,0.398023459552046,0.012197030173808797,sqrt,2
clearance_hepatocyte_az,regression,spearman,rdkit_descriptors,0.44026125397066945,0.002309259491326073,sqrt,1
ld50_zhu,regression,mae,ecfp4,0.5251661009727074,0.0013965622577908378,0.25,1
ld50_zhu,regression,mae,rdkit_descriptors,0.505346286968678,2.5142259746012572e-05,0.5,2
