mode,bin_index,lower_bound_inclusive,upper_bound_inclusive_only_for_last_bin,count,mean_predicted_probability,empirical_positive_fraction,absolute_calibration_gap,ece_contribution
argmax,0,0.0,0.06666666666666667,11465,0.004420276111230578,0.009419973833406018,0.00499969772217544,0.0045536649495345905
argmax,1,0.06666666666666667,0.13333333333333333,436,0.09734933684930341,0.10091743119266056,0.003568094343357142,0.00012358509165107356
argmax,2,0.13333333333333333,0.2,226,0.16274285698886468,0.16371681415929204,0.0009739571704273642,1.7486043892324777e-05
argmax,3,0.2,0.26666666666666666,105,0.23072276427632288,0.17142857142857143,0.05929419284775145,0.000494589311170472
argmax,4,0.26666666666666666,0.3333333333333333,74,0.2928492056356894,0.16216216216216217,0.13068704347352722,0.0007682587557229913
argmax,5,0.3333333333333333,0.4,62,0.36404804981523947,0.3225806451612903,0.04146740465394916,0.0002042404741456028
argmax,6,0.4,0.4666666666666667,32,0.4265369987115264,0.34375,0.0827869987115264,0.00021045312668961272
argmax,7,0.4666666666666667,0.5333333333333333,30,0.5024158428112666,0.5,0.002415842811266611,5.757490017317948e-06
argmax,8,0.5333333333333333,0.6,18,0.5645833214124044,0.2222222222222222,0.3423610991901822,0.0004895535260107467
argmax,9,0.6,0.6666666666666666,16,0.6303707472980022,0.3125,0.31787074729800224,0.0004040301840457608
argmax,10,0.6666666666666666,0.7333333333333333,18,0.6995671292146047,0.2777777777777778,0.42178935143682694,0.0006031306264587611
argmax,11,0.7333333333333333,0.8,17,0.765455845524283,0.47058823529411764,0.2948676102301654,0.00039821650571280677
argmax,12,0.8,0.8666666666666667,11,0.8384770263325084,0.7272727272727273,0.11120429905978113,9.717566648058409e-05
argmax,13,0.8666666666666667,0.9333333333333333,14,0.9047083556652069,0.5714285714285714,0.3332797842366355,0.0003706638845974656
argmax,14,0.9333333333333333,1.0,64,0.9850881760939956,0.78125,0.20383817609399557,0.0010363555187492626
categorical,0,0.0,0.06666666666666667,11385,0.00454103473540784,0.012121212121212121,0.007580177385804281,0.006855761005511737
categorical,1,0.06666666666666667,0.13333333333333333,429,0.09543258905202359,0.14219114219114218,0.046758553139118586,0.0015935350569337365
categorical,2,0.13333333333333333,0.2,205,0.1622491312463109,0.16585365853658537,0.0036045272902744674,5.8700992572788837e-05
categorical,3,0.2,0.26666666666666666,111,0.23338251406545038,0.15315315315315314,0.08022936091229724,0.0007074562330207335
categorical,4,0.26666666666666666,0.3333333333333333,76,0.29589331973540156,0.18421052631578946,0.1116827934196121,0.0006742844216627359
categorical,5,0.3333333333333333,0.4,69,0.3635776777198349,0.2753623188405797,0.08821535887925519,0.0004835446268405313
categorical,6,0.4,0.4666666666666667,33,0.4294218411951354,0.2727272727272727,0.15669456846786267,0.000410781757184578
categorical,7,0.4666666666666667,0.5333333333333333,46,0.4972790771204492,0.45652173913043476,0.040757337990014464,0.00014893847692569633
categorical,8,0.5333333333333333,0.6,32,0.5648477319628,0.375,0.18984773196280003,0.0004826126011129331
categorical,9,0.6,0.6666666666666666,18,0.6388038264380561,0.3888888888888889,0.24991493754916722,0.000357361683816731
categorical,10,0.6666666666666666,0.7333333333333333,24,0.7037075410286585,0.4166666666666667,0.2870408743619918,0.0005472657280495554
categorical,11,0.7333333333333333,0.8,20,0.7625529676675796,0.6,0.16255296766757965,0.00025826655174385075
categorical,12,0.8,0.8666666666666667,22,0.827564458955418,0.5,0.32756445895541797,0.0005724831662709879
categorical,13,0.8666666666666667,0.9333333333333333,24,0.9060673986872038,0.75,0.15606739868720376,0.0002975546209479576
categorical,14,0.9333333333333333,1.0,94,0.9867814354439999,0.8085106382978723,0.1782707971461276,0.0013312245735411497
topk5,0,0.0,0.06666666666666667,11409,0.004602972941032455,0.01244631431326146,0.007843341372229005,0.0071087290845059355
topk5,1,0.06666666666666667,0.13333333333333333,391,0.09558472868121798,0.12020460358056266,0.024619874899344682,0.0007647260157009669
topk5,2,0.13333333333333333,0.2,225,0.16077753769026862,0.19555555555555557,0.03477801786528695,0.000621628060032536
topk5,3,0.2,0.26666666666666666,128,0.2297190681565553,0.2109375,0.018781568156555295,0.00019097876740062583
topk5,4,0.26666666666666666,0.3333333333333333,69,0.29474079004232434,0.2318840579710145,0.06285673207130985,0.00034454357427076413
topk5,5,0.3333333333333333,0.4,71,0.3652891986806628,0.323943661971831,0.04134553670883179,0.00023320091407110397
topk5,6,0.4,0.4666666666666667,50,0.42944899380207063,0.44,0.010551006197929369,4.1908985533561206e-05
topk5,7,0.4666666666666667,0.5333333333333333,25,0.4978090822696686,0.44,0.05780908226966858,0.00011480990282346
topk5,8,0.5333333333333333,0.6,25,0.5645045638084412,0.28,0.28450456380844114,0.000565031307214095
topk5,9,0.6,0.6666666666666666,21,0.6323459971518743,0.47619047619047616,0.15615552096139818,0.00026050730379642215
topk5,10,0.6666666666666666,0.7333333333333333,27,0.6966141992145114,0.5925925925925926,0.10402160662191884,0.00022311593412709
topk5,11,0.7333333333333333,0.8,21,0.7664981768244788,0.47619047619047616,0.2903077006340027,0.00048430741287846016
topk5,12,0.8,0.8666666666666667,17,0.8345976261531606,0.4117647058823529,0.42283292027080766,0.0005710327013507888
topk5,13,0.8666666666666667,0.9333333333333333,16,0.906576469540596,0.6875,0.219076469540596,0.0002784575399308497
topk5,14,0.9333333333333333,1.0,93,0.9853152344303746,0.8172043010752689,0.16811093335510574,0.0012420016525281881
