mode,selection_scope,threshold,true_positive,false_positive,true_negative,false_negative,precision,recall,specificity,balanced_accuracy,f1,accuracy
argmax,descriptive_same_diagnostic_sample,0.0,353,12235,0,0,0.028042580235144582,1.0,0.0,0.5,0.05455528939030987,0.028042580235144582
argmax,descriptive_same_diagnostic_sample,0.01,309,2249,9986,44,0.12079749804534792,0.8753541076487252,0.8161830813240702,0.8457685944863977,0.21229817931982137,0.8178423895773753
argmax,descriptive_same_diagnostic_sample,0.02,289,1699,10536,64,0.14537223340040242,0.8186968838526912,0.8611360850020433,0.8399164844273672,0.24690303289192653,0.8599459802986972
argmax,descriptive_same_diagnostic_sample,0.03,279,1404,10831,74,0.1657754010695187,0.7903682719546742,0.8852472415202288,0.8378077567374516,0.27406679764243613,0.8825865904035589
argmax,descriptive_same_diagnostic_sample,0.04,268,1191,11044,85,0.18368745716244003,0.7592067988668555,0.9026563138536984,0.8309315563602769,0.2958057395143488,0.8986336193199873
argmax,descriptive_same_diagnostic_sample,0.05,259,1050,11185,94,0.19786096256684493,0.7337110481586402,0.9141806293420515,0.8239458387503458,0.31167268351383876,0.9091197966317127
argmax,descriptive_same_diagnostic_sample,0.06,249,937,11298,104,0.20994940978077573,0.7053824362606232,0.923416428279526,0.8143994322700746,0.3235867446393762,0.917302192564347
argmax,descriptive_same_diagnostic_sample,0.07,243,846,11389,110,0.2231404958677686,0.6883852691218131,0.9308541070698815,0.8096196880958473,0.33703190013869627,0.9240546552272005
argmax,descriptive_same_diagnostic_sample,0.08,236,781,11454,117,0.232055063913471,0.6685552407932012,0.9361667347772783,0.8023609877852398,0.3445255474452555,0.928662217985383
argmax,descriptive_same_diagnostic_sample,0.09,233,718,11517,120,0.24500525762355416,0.660056657223796,0.9413158970167552,0.8006862771202756,0.35736196319018404,0.9334286622179854
argmax,descriptive_same_diagnostic_sample,0.1,229,657,11578,124,0.2584650112866817,0.6487252124645893,0.9463015937883122,0.7975134031264508,0.3696529459241324,0.9379567842389578
argmax,descriptive_same_diagnostic_sample,0.11,222,597,11638,131,0.27106227106227104,0.6288951841359773,0.9512055578259093,0.7900503709809433,0.378839590443686,0.94216714331109
argmax,descriptive_same_diagnostic_sample,0.12,212,550,11685,141,0.2782152230971129,0.6005665722379604,0.9550469963220269,0.7778067842799936,0.38026905829596414,0.9451064505878615
argmax,descriptive_same_diagnostic_sample,0.13,205,495,11740,148,0.29285714285714287,0.5807365439093485,0.9595422966898243,0.7701394202995864,0.38936372269705605,0.9489196059739434
argmax,descriptive_same_diagnostic_sample,0.14,195,454,11781,158,0.300462249614792,0.5524079320113314,0.9628933387821823,0.7576506353967569,0.38922155688622756,0.9513822688274547
argmax,descriptive_same_diagnostic_sample,0.15,187,422,11813,166,0.3070607553366174,0.5297450424929179,0.9655087862689007,0.7476269143809093,0.3887733887733888,0.9532888465204957
argmax,descriptive_same_diagnostic_sample,0.16,184,392,11843,169,0.3194444444444444,0.5212464589235127,0.9679607682876992,0.744603613605606,0.3961248654467169,0.9554337464251669
argmax,descriptive_same_diagnostic_sample,0.17,183,364,11871,170,0.33455210237659966,0.5184135977337111,0.9702492848385779,0.7443314412861445,0.4066666666666667,0.9575786463298379
argmax,descriptive_same_diagnostic_sample,0.18,180,339,11896,173,0.3468208092485549,0.509915014164306,0.9722926031875766,0.7411038086759413,0.41284403669724773,0.9593263425484588
argmax,descriptive_same_diagnostic_sample,0.19,169,316,11919,184,0.34845360824742266,0.47875354107648727,0.9741724560686555,0.7264629985725715,0.4033412887828162,0.9602796313949793
argmax,descriptive_same_diagnostic_sample,0.2,164,297,11938,189,0.3557483731019523,0.46458923512747874,0.9757253780138946,0.7201573065706867,0.40294840294840295,0.9613918017159199
argmax,descriptive_same_diagnostic_sample,0.21,160,280,11955,193,0.36363636363636365,0.45325779036827196,0.9771148344912137,0.7151863124297428,0.403530895334174,0.9624245312996504
argmax,descriptive_same_diagnostic_sample,0.22,158,267,11968,195,0.37176470588235294,0.4475920679886686,0.9781773600326931,0.7128847140106809,0.40616966580976865,0.9632983794089609
argmax,descriptive_same_diagnostic_sample,0.23,156,250,11985,197,0.3842364532019704,0.44192634560906513,0.9795668165100122,0.7107465810595387,0.41106719367588934,0.9644899904671115
argmax,descriptive_same_diagnostic_sample,0.24,154,239,11996,199,0.39185750636132316,0.43626062322946174,0.9804658765835718,0.7083632499065168,0.4128686327077748,0.9652049571020019
argmax,descriptive_same_diagnostic_sample,0.25,151,228,12007,202,0.39841688654353563,0.42776203966005666,0.9813649366571312,0.7045634881585939,0.412568306010929,0.9658404829996823
argmax,descriptive_same_diagnostic_sample,0.26,148,215,12020,205,0.40771349862258954,0.4192634560906516,0.9824274621986105,0.700845459144631,0.4134078212290503,0.9666348903717826
argmax,descriptive_same_diagnostic_sample,0.27,146,202,12033,207,0.41954022988505746,0.41359773371104813,0.9834899877400899,0.698543860725569,0.4165477888730385,0.9675087384810931
argmax,descriptive_same_diagnostic_sample,0.28,143,186,12049,210,0.43465045592705165,0.40509915014164305,0.9847977114834491,0.6949484308125461,0.41935483870967744,0.9685414680648237
argmax,descriptive_same_diagnostic_sample,0.29,140,176,12059,213,0.4430379746835443,0.39660056657223797,0.9856150388230487,0.6911078026976434,0.41853512705530643,0.9690975532252939
argmax,descriptive_same_diagnostic_sample,0.3,138,170,12065,215,0.44805194805194803,0.3909348441926346,0.9861054352268084,0.6885201397097215,0.4175491679273828,0.9694153161741341
argmax,descriptive_same_diagnostic_sample,0.31,137,162,12073,216,0.45819397993311034,0.3881019830028329,0.986759297098488,0.6874306400506605,0.42024539877300615,0.9699714013346044
argmax,descriptive_same_diagnostic_sample,0.32,137,154,12081,216,0.47079037800687284,0.3881019830028329,0.9874131589701676,0.6877575709865003,0.4254658385093168,0.9706069272322847
argmax,descriptive_same_diagnostic_sample,0.33,135,148,12087,218,0.47703180212014135,0.38243626062322944,0.9879035553739273,0.6851699079985784,0.42452830188679247,0.9709246901811249
argmax,descriptive_same_diagnostic_sample,0.34,131,143,12092,222,0.4781021897810219,0.37110481586402266,0.988312219043727,0.6797085174538748,0.4178628389154705,0.9710041309183349
argmax,descriptive_same_diagnostic_sample,0.35000000000000003,126,139,12096,227,0.47547169811320755,0.35694050991501414,0.9886391499795668,0.6727898299472905,0.4077669902912621,0.9709246901811249
argmax,descriptive_same_diagnostic_sample,0.36,121,133,12102,232,0.4763779527559055,0.34277620396600567,0.9891295463833265,0.6659528751746661,0.3986820428336079,0.9710041309183349
argmax,descriptive_same_diagnostic_sample,0.37,120,120,12115,233,0.5,0.33994334277620397,0.9901920719248059,0.6650677073505049,0.40472175379426645,0.9719574197648554
argmax,descriptive_same_diagnostic_sample,0.38,119,117,12118,234,0.5042372881355932,0.3371104815864023,0.9904372701266857,0.663773875856544,0.40407470288624786,0.9721163012392755
argmax,descriptive_same_diagnostic_sample,0.39,115,111,12124,238,0.5088495575221239,0.32577903682719545,0.9909276665304454,0.6583533516788205,0.39723661485319517,0.9722751827136956
argmax,descriptive_same_diagnostic_sample,0.4,114,106,12129,239,0.5181818181818182,0.32294617563739375,0.9913363302002453,0.6571412529188195,0.39790575916230364,0.9725929456625357
argmax,descriptive_same_diagnostic_sample,0.41000000000000003,112,101,12134,241,0.5258215962441315,0.31728045325779036,0.991744993870045,0.6545127235639177,0.3957597173144876,0.9728312678741659
argmax,descriptive_same_diagnostic_sample,0.42,111,97,12138,242,0.5336538461538461,0.31444759206798867,0.9920719248058848,0.6532597584369367,0.39572192513368987,0.973069590085796
argmax,descriptive_same_diagnostic_sample,0.43,108,95,12140,245,0.5320197044334976,0.3059490084985836,0.9922353902738047,0.6490921993861941,0.38848920863309355,0.972990149348586
argmax,descriptive_same_diagnostic_sample,0.44,106,88,12147,247,0.5463917525773195,0.3002832861189802,0.9928075194115243,0.6465454027652523,0.3875685557586837,0.9733873530346362
argmax,descriptive_same_diagnostic_sample,0.45,104,88,12147,249,0.5416666666666666,0.29461756373937675,0.9928075194115243,0.6437125415754505,0.381651376146789,0.9732284715602161
argmax,descriptive_same_diagnostic_sample,0.46,103,85,12150,250,0.5478723404255319,0.29178470254957506,0.9930527176134042,0.6424187100814897,0.3807763401109057,0.9733873530346362
argmax,descriptive_same_diagnostic_sample,0.47000000000000003,103,84,12151,250,0.5508021390374331,0.29178470254957506,0.9931344503473641,0.6424595764484696,0.3814814814814815,0.9734667937718462
argmax,descriptive_same_diagnostic_sample,0.48,103,82,12153,250,0.5567567567567567,0.29178470254957506,0.993297915815284,0.6425413091824296,0.3828996282527881,0.9736256752462663
argmax,descriptive_same_diagnostic_sample,0.49,102,79,12156,251,0.56353591160221,0.28895184135977336,0.9935431140171639,0.6412474776884687,0.38202247191011235,0.9737845567206864
argmax,descriptive_same_diagnostic_sample,0.5,96,77,12158,257,0.5549132947976878,0.2719546742209632,0.9937065794850838,0.6328306268530235,0.3650190114068441,0.9734667937718462
argmax,descriptive_same_diagnostic_sample,0.51,94,76,12159,259,0.5529411764705883,0.26628895184135976,0.9937883122190437,0.6300386320302017,0.35946462715105165,0.9733873530346362
argmax,descriptive_same_diagnostic_sample,0.52,90,72,12163,263,0.5555555555555556,0.254957507082153,0.9941152431548835,0.6245363751185182,0.34951456310679613,0.9733873530346362
argmax,descriptive_same_diagnostic_sample,0.53,89,70,12165,264,0.559748427672956,0.2521246458923513,0.9942787086228034,0.6232016772575774,0.34765625,0.9734667937718462
argmax,descriptive_same_diagnostic_sample,0.54,87,68,12167,266,0.5612903225806452,0.24645892351274787,0.9944421740907233,0.6204505488017356,0.3425196850393701,0.9734667937718462
argmax,descriptive_same_diagnostic_sample,0.55,86,68,12167,267,0.5584415584415584,0.24362606232294617,0.9944421740907233,0.6190341182068347,0.33925049309664695,0.9733873530346362
argmax,descriptive_same_diagnostic_sample,0.56,85,66,12169,268,0.5629139072847682,0.24079320113314448,0.9946056395586432,0.6176994203458939,0.3373015873015873,0.9734667937718462
argmax,descriptive_same_diagnostic_sample,0.5700000000000001,85,63,12172,268,0.5743243243243243,0.24079320113314448,0.9948508377605231,0.6178220194468338,0.3393213572854291,0.9737051159834763
argmax,descriptive_same_diagnostic_sample,0.58,85,59,12176,268,0.5902777777777778,0.24079320113314448,0.9951777686963629,0.6179854849147537,0.3420523138832998,0.9740228789323165
argmax,descriptive_same_diagnostic_sample,0.59,84,57,12178,269,0.5957446808510638,0.23796033994334279,0.9953412341642828,0.6166507870538128,0.340080971659919,0.9741023196695265
argmax,descriptive_same_diagnostic_sample,0.6,84,56,12179,269,0.6,0.23796033994334279,0.9954229668982427,0.6166916534207928,0.3407707910750507,0.9741817604067365
argmax,descriptive_same_diagnostic_sample,0.61,83,54,12181,270,0.6058394160583942,0.23512747875354106,0.9955864323661626,0.6153569555598518,0.33877551020408164,0.9742612011439467
argmax,descriptive_same_diagnostic_sample,0.62,81,53,12182,272,0.6044776119402985,0.22946175637393768,0.9956681651001226,0.6125649607370302,0.3326488706365503,0.9741817604067365
argmax,descriptive_same_diagnostic_sample,0.63,81,51,12184,272,0.6136363636363636,0.22946175637393768,0.9958316305680425,0.6126466934709901,0.334020618556701,0.9743406418811567
argmax,descriptive_same_diagnostic_sample,0.64,81,48,12187,272,0.627906976744186,0.22946175637393768,0.9960768287699223,0.61276929257193,0.3360995850622407,0.9745789640927868
argmax,descriptive_same_diagnostic_sample,0.65,81,47,12188,272,0.6328125,0.22946175637393768,0.9961585615038823,0.61281015893891,0.3367983367983368,0.9746584048299968
argmax,descriptive_same_diagnostic_sample,0.66,80,46,12189,273,0.6349206349206349,0.22662889518413598,0.9962402942378422,0.6114345947109892,0.33402922755741127,0.9746584048299968
argmax,descriptive_same_diagnostic_sample,0.67,78,44,12191,275,0.639344262295082,0.22096317280453256,0.9964037597057621,0.6086834662551474,0.32842105263157895,0.9746584048299968
argmax,descriptive_same_diagnostic_sample,0.68,77,43,12192,276,0.6416666666666667,0.21813031161473087,0.9964854924397221,0.6073079020272265,0.32558139534883723,0.9746584048299968
argmax,descriptive_same_diagnostic_sample,0.6900000000000001,76,40,12195,277,0.6551724137931034,0.21529745042492918,0.9967306906416019,0.6060140705332655,0.32409381663113007,0.9748172863044169
argmax,descriptive_same_diagnostic_sample,0.7000000000000001,76,39,12196,277,0.6608695652173913,0.21529745042492918,0.9968124233755619,0.6060549369002455,0.3247863247863248,0.974896727041627
argmax,descriptive_same_diagnostic_sample,0.71,76,39,12196,277,0.6608695652173913,0.21529745042492918,0.9968124233755619,0.6060549369002455,0.3247863247863248,0.974896727041627
argmax,descriptive_same_diagnostic_sample,0.72,74,37,12198,279,0.6666666666666666,0.2096317280453258,0.9969758888434818,0.6033038084444038,0.31896551724137934,0.974896727041627
argmax,descriptive_same_diagnostic_sample,0.73,74,32,12203,279,0.6981132075471698,0.2096317280453258,0.9973845525132816,0.6035081402793037,0.3224400871459695,0.9752939307276771
argmax,descriptive_same_diagnostic_sample,0.74,72,31,12204,281,0.6990291262135923,0.20396600566572237,0.9974662852472416,0.600716145456482,0.3157894736842105,0.9752144899904671
argmax,descriptive_same_diagnostic_sample,0.75,72,30,12205,281,0.7058823529411765,0.20396600566572237,0.9975480179812015,0.600757011823462,0.31648351648351647,0.9752939307276771
argmax,descriptive_same_diagnostic_sample,0.76,72,29,12206,281,0.7128712871287128,0.20396600566572237,0.9976297507151615,0.600797878190442,0.31718061674008813,0.9753733714648872
argmax,descriptive_same_diagnostic_sample,0.77,71,25,12210,282,0.7395833333333334,0.20113314447592068,0.9979566816510013,0.5995449130634609,0.31625835189309576,0.9756116936765173
argmax,descriptive_same_diagnostic_sample,0.78,70,25,12210,283,0.7368421052631579,0.19830028328611898,0.9979566816510013,0.5981284824685601,0.3125,0.9755322529393072
argmax,descriptive_same_diagnostic_sample,0.79,66,24,12211,287,0.7333333333333333,0.18696883852691218,0.9980384143849612,0.5925036264559367,0.2979683972911964,0.9752939307276771
argmax,descriptive_same_diagnostic_sample,0.8,66,23,12212,287,0.7415730337078652,0.18696883852691218,0.9981201471189212,0.5925444928229167,0.2986425339366516,0.9753733714648872
argmax,descriptive_same_diagnostic_sample,0.81,65,22,12213,288,0.7471264367816092,0.18413597733711048,0.9982018798528811,0.5911689285949958,0.29545454545454547,0.9753733714648872
argmax,descriptive_same_diagnostic_sample,0.8200000000000001,65,22,12213,288,0.7471264367816092,0.18413597733711048,0.9982018798528811,0.5911689285949958,0.29545454545454547,0.9753733714648872
argmax,descriptive_same_diagnostic_sample,0.8300000000000001,64,22,12213,289,0.7441860465116279,0.1813031161473088,0.9982018798528811,0.589752498000095,0.29157175398633256,0.9752939307276771
argmax,descriptive_same_diagnostic_sample,0.84,62,21,12214,291,0.7469879518072289,0.17563739376770537,0.9982836125868411,0.5869605031772732,0.28440366972477066,0.9752144899904671
argmax,descriptive_same_diagnostic_sample,0.85,61,21,12214,292,0.7439024390243902,0.17280453257790368,0.9982836125868411,0.5855440725823724,0.28045977011494255,0.9751350492532571
argmax,descriptive_same_diagnostic_sample,0.86,60,20,12215,293,0.75,0.16997167138810199,0.998365345320801,0.5841685083544514,0.27713625866050806,0.9751350492532571
argmax,descriptive_same_diagnostic_sample,0.87,58,20,12215,295,0.7435897435897436,0.1643059490084986,0.998365345320801,0.5813356471646498,0.2691415313225058,0.974976167778837
argmax,descriptive_same_diagnostic_sample,0.88,57,20,12215,296,0.7402597402597403,0.16147308781869688,0.998365345320801,0.579919216569749,0.2651162790697674,0.974896727041627
argmax,descriptive_same_diagnostic_sample,0.89,56,20,12215,297,0.7368421052631579,0.15864022662889518,0.998365345320801,0.578502785974848,0.26107226107226106,0.9748172863044169
argmax,descriptive_same_diagnostic_sample,0.9,54,17,12218,299,0.7605633802816901,0.1529745042492918,0.9986105435226809,0.5757925238859863,0.25471698113207547,0.974896727041627
argmax,descriptive_same_diagnostic_sample,0.91,52,17,12218,301,0.7536231884057971,0.14730878186968838,0.9986105435226809,0.5729596626961846,0.24644549763033174,0.9747378455672069
argmax,descriptive_same_diagnostic_sample,0.92,51,17,12218,302,0.75,0.14447592067988668,0.9986105435226809,0.5715432321012838,0.24228028503562946,0.9746584048299968
argmax,descriptive_same_diagnostic_sample,0.93,50,15,12220,303,0.7692307692307693,0.141643059490085,0.9987740089906008,0.5702085342403429,0.23923444976076555,0.9747378455672069
argmax,descriptive_same_diagnostic_sample,0.9400000000000001,47,14,12221,306,0.7704918032786885,0.13314447592067988,0.9988557417245607,0.5660001088226203,0.22705314009661837,0.9745789640927868
argmax,descriptive_same_diagnostic_sample,0.9500000000000001,45,14,12221,308,0.7627118644067796,0.1274787535410765,0.9988557417245607,0.5631672476328186,0.21844660194174756,0.9744200826183667
argmax,descriptive_same_diagnostic_sample,0.96,42,10,12225,311,0.8076923076923077,0.11898016997167139,0.9991826726604005,0.559081421316036,0.2074074074074074,0.9744995233555768
argmax,descriptive_same_diagnostic_sample,0.97,41,10,12225,312,0.803921568627451,0.11614730878186968,0.9991826726604005,0.5576649907211351,0.20297029702970298,0.9744200826183667
argmax,descriptive_same_diagnostic_sample,0.98,36,8,12227,317,0.8181818181818182,0.10198300283286119,0.9993461381283204,0.5506645704805908,0.181360201511335,0.9741817604067365
argmax,descriptive_same_diagnostic_sample,0.99,34,6,12229,319,0.85,0.09631728045325778,0.9995096035962403,0.547913442024749,0.17302798982188294,0.9741817604067365
argmax,descriptive_same_diagnostic_sample,1.0,0,0,12235,353,nan,0.0,1.0,0.5,0.0,0.9719574197648554
categorical,descriptive_same_diagnostic_sample,0.0,459,12129,0,0,0.03646329837940896,1.0,0.0,0.5,0.07036100252931708,0.03646329837940896
categorical,descriptive_same_diagnostic_sample,0.01,398,2290,9839,61,0.1480654761904762,0.8671023965141612,0.8111963063731552,0.8391493514436582,0.25293930727677155,0.8132348268191929
categorical,descriptive_same_diagnostic_sample,0.02,377,1708,10421,82,0.18081534772182253,0.8213507625272332,0.8591804765438206,0.8402656195355269,0.29638364779874216,0.857801080394026
categorical,descriptive_same_diagnostic_sample,0.03,362,1405,10724,97,0.2048670062252405,0.7886710239651417,0.884161925962569,0.8364164749638554,0.3252470799640611,0.880680012710518
categorical,descriptive_same_diagnostic_sample,0.04,347,1212,10917,112,0.22257857601026299,0.7559912854030502,0.9000742023250062,0.8280327438640283,0.34390485629335976,0.8948204639339054
categorical,descriptive_same_diagnostic_sample,0.05,342,1044,11085,117,0.24675324675324675,0.7450980392156863,0.9139253029928271,0.8295116711042567,0.37073170731707317,0.907769304099142
categorical,descriptive_same_diagnostic_sample,0.06,324,940,11189,135,0.2563291139240506,0.7058823529411765,0.9224997938824305,0.8141910734118035,0.3760882182240279,0.9146012074992056
categorical,descriptive_same_diagnostic_sample,0.07,318,854,11275,141,0.2713310580204778,0.6928104575163399,0.9295902382719103,0.8112003478941251,0.38994481912936846,0.9209564664760089
categorical,descriptive_same_diagnostic_sample,0.08,310,777,11352,149,0.28518859245630174,0.6753812636165577,0.9359386594113283,0.805659961513943,0.40103492884864167,0.9264378773435017
categorical,descriptive_same_diagnostic_sample,0.09,297,708,11421,162,0.2955223880597015,0.6470588235294118,0.941627504328469,0.7943431639289404,0.4057377049180328,0.9308865586272641
categorical,descriptive_same_diagnostic_sample,0.1,290,648,11481,169,0.3091684434968017,0.6318082788671024,0.9465743259955478,0.7891913024313251,0.41517537580529706,0.9350969176993963
categorical,descriptive_same_diagnostic_sample,0.11,283,607,11522,176,0.31797752808988766,0.616557734204793,0.9499546541347185,0.7832561941697558,0.4195700518902891,0.9377979027645377
categorical,descriptive_same_diagnostic_sample,0.12,273,568,11561,186,0.32461355529131986,0.5947712418300654,0.9531700882183197,0.7739706650241925,0.42,0.9401016841436288
categorical,descriptive_same_diagnostic_sample,0.13,266,525,11604,193,0.336283185840708,0.579520697167756,0.9567153104130596,0.7681180037904078,0.4256,0.9429615506831903
categorical,descriptive_same_diagnostic_sample,0.14,254,485,11644,205,0.34370771312584575,0.5533769063180828,0.9600131915244455,0.7566950489212642,0.4240400667779633,0.9451858913250715
categorical,descriptive_same_diagnostic_sample,0.15,245,446,11683,214,0.3545586107091172,0.5337690631808278,0.9632286256080468,0.7484988443944374,0.4260869565217391,0.9475691134413727
categorical,descriptive_same_diagnostic_sample,0.16,243,421,11708,216,0.36596385542168675,0.5294117647058824,0.9652898013026631,0.7473507830042727,0.4327693677649154,0.9493962503972037
categorical,descriptive_same_diagnostic_sample,0.17,240,403,11726,219,0.37325038880248834,0.5228758169934641,0.9667738478027867,0.7448248323981255,0.4355716878402904,0.9505878614553543
categorical,descriptive_same_diagnostic_sample,0.18,236,388,11741,223,0.3782051282051282,0.514161220043573,0.9680105532195564,0.7410858866315647,0.4358264081255771,0.9514617095646648
categorical,descriptive_same_diagnostic_sample,0.19,230,367,11762,229,0.3852596314907873,0.5010893246187363,0.969741940803034,0.7354156327108852,0.4356060606060606,0.9526533206228154
categorical,descriptive_same_diagnostic_sample,0.2,226,343,11786,233,0.39718804920913886,0.4923747276688453,0.9717206694698656,0.7320476985693555,0.4396887159533074,0.9542421353670162
categorical,descriptive_same_diagnostic_sample,0.21,223,330,11799,236,0.40325497287522605,0.485838779956427,0.9727924808310661,0.7293156303937465,0.4407114624505929,0.9550365427391166
categorical,descriptive_same_diagnostic_sample,0.22,219,317,11812,240,0.4085820895522388,0.477124183006536,0.9738642921922664,0.7254942375994012,0.4402010050251256,0.955751509374007
categorical,descriptive_same_diagnostic_sample,0.23,217,304,11825,242,0.4165067178502879,0.47276688453159044,0.9749361035534669,0.7238514940425287,0.44285714285714284,0.9566253574833175
categorical,descriptive_same_diagnostic_sample,0.24,214,287,11842,245,0.42714570858283435,0.4662309368191721,0.9763377030258059,0.721284319922489,0.44583333333333336,0.957737527804258
categorical,descriptive_same_diagnostic_sample,0.25,212,274,11855,247,0.43621399176954734,0.46187363834422657,0.9774095143870063,0.7196415763656164,0.4486772486772487,0.9586113759135685
categorical,descriptive_same_diagnostic_sample,0.26,211,259,11870,248,0.44893617021276594,0.4596949891067538,0.9786462198037761,0.7191706044552649,0.4542518837459634,0.9597235462345091
categorical,descriptive_same_diagnostic_sample,0.27,208,239,11890,251,0.465324384787472,0.4531590413943355,0.9802951603594691,0.7167271008769023,0.45916114790286977,0.9610740387670798
categorical,descriptive_same_diagnostic_sample,0.28,207,228,11901,252,0.47586206896551725,0.45098039215686275,0.9812020776651001,0.7160912349109815,0.46308724832214765,0.9618684461391802
categorical,descriptive_same_diagnostic_sample,0.29,204,219,11910,255,0.48226950354609927,0.4444444444444444,0.981944100915162,0.7131942726798033,0.46258503401360546,0.9623450905624404
categorical,descriptive_same_diagnostic_sample,0.3,203,215,11914,256,0.48564593301435405,0.4422657952069717,0.9822738890263006,0.7122698421166361,0.4629418472063854,0.9625834127740706
categorical,descriptive_same_diagnostic_sample,0.31,202,202,11927,257,0.5,0.4400871459694989,0.983345700387501,0.7117164231784999,0.4681344148319815,0.963536701620591
categorical,descriptive_same_diagnostic_sample,0.32,199,197,11932,260,0.5025252525252525,0.4335511982570806,0.9837579355264243,0.7086545668917524,0.4654970760233918,0.9636955830950111
categorical,descriptive_same_diagnostic_sample,0.33,195,189,11940,264,0.5078125,0.42483660130718953,0.9844175117487015,0.7046270565279456,0.4626334519572954,0.9640133460438512
categorical,descriptive_same_diagnostic_sample,0.34,192,184,11945,267,0.5106382978723404,0.41830065359477125,0.9848297468876247,0.701565200241198,0.4598802395209581,0.9641722275182714
categorical,descriptive_same_diagnostic_sample,0.35000000000000003,188,175,11954,271,0.5179063360881543,0.4095860566448802,0.9855717701376865,0.6975789133912833,0.45742092457420924,0.9645694312043216
categorical,descriptive_same_diagnostic_sample,0.36,186,167,11962,273,0.5269121813031161,0.40522875816993464,0.9862313463599637,0.6957300522649492,0.458128078817734,0.9650460756275818
categorical,descriptive_same_diagnostic_sample,0.37,182,153,11976,277,0.5432835820895522,0.39651416122004357,0.9873856047489488,0.6919498829844961,0.45843828715365237,0.9658404829996823
categorical,descriptive_same_diagnostic_sample,0.38,179,148,11981,280,0.5474006116207951,0.3899782135076253,0.9877978398878721,0.6888880266977486,0.455470737913486,0.9659993644741023
categorical,descriptive_same_diagnostic_sample,0.39,179,142,11987,280,0.557632398753894,0.3899782135076253,0.98829252205458,0.6891353677811026,0.45897435897435895,0.9664760088973625
categorical,descriptive_same_diagnostic_sample,0.4,176,137,11992,283,0.5623003194888179,0.38344226579520696,0.9887047571935031,0.686073511494355,0.45595854922279794,0.9666348903717826
categorical,descriptive_same_diagnostic_sample,0.41000000000000003,175,132,11997,284,0.5700325732899023,0.3812636165577342,0.9891169923324264,0.6851903044450803,0.45691906005221933,0.9669526533206229
categorical,descriptive_same_diagnostic_sample,0.42,173,128,12001,286,0.574750830564784,0.3769063180827887,0.989446780443565,0.6831765492631768,0.45526315789473687,0.9671115347950429
categorical,descriptive_same_diagnostic_sample,0.43,170,125,12004,289,0.576271186440678,0.37037037037037035,0.9896941215269189,0.6800322459486446,0.4509283819628647,0.9671115347950429
categorical,descriptive_same_diagnostic_sample,0.44,168,120,12009,291,0.5833333333333334,0.3660130718954248,0.9901063566658422,0.6780597142806335,0.4497991967871486,0.967349857006673
categorical,descriptive_same_diagnostic_sample,0.45,168,117,12012,291,0.5894736842105263,0.3660130718954248,0.9903536977491961,0.6781833848223104,0.45161290322580644,0.9675881792183031
categorical,descriptive_same_diagnostic_sample,0.46,168,116,12013,291,0.5915492957746479,0.3660130718954248,0.9904361447769808,0.6782246083362028,0.4522207267833109,0.9676676199555132
categorical,descriptive_same_diagnostic_sample,0.47000000000000003,166,111,12018,293,0.5992779783393501,0.3616557734204793,0.990848379915904,0.6762520766681916,0.45108695652173914,0.9679059421671433
categorical,descriptive_same_diagnostic_sample,0.48,163,106,12023,296,0.6059479553903345,0.355119825708061,0.9912606150548273,0.6731902203814442,0.4478021978021978,0.9680648236415634
categorical,descriptive_same_diagnostic_sample,0.49,161,98,12031,298,0.6216216216216216,0.35076252723311546,0.9919201912771045,0.67134135925511,0.44846796657381616,0.9685414680648237
categorical,descriptive_same_diagnostic_sample,0.5,156,96,12033,303,0.6190476190476191,0.33986928104575165,0.9920850853326738,0.6659771831892127,0.4388185654008439,0.9683031458531935
categorical,descriptive_same_diagnostic_sample,0.51,154,94,12035,305,0.6209677419354839,0.3355119825708061,0.9922499793882431,0.6638809809795246,0.43564356435643564,0.9683031458531935
categorical,descriptive_same_diagnostic_sample,0.52,151,90,12039,308,0.6265560165975104,0.3289760348583878,0.9925797674993816,0.6607779011788847,0.43142857142857144,0.9683825865904035
categorical,descriptive_same_diagnostic_sample,0.53,150,90,12039,309,0.625,0.32679738562091504,0.9925797674993816,0.6596885765601483,0.4291845493562232,0.9683031458531935
categorical,descriptive_same_diagnostic_sample,0.54,145,86,12043,314,0.6277056277056277,0.3159041394335512,0.9929095556105202,0.6544068475220357,0.42028985507246375,0.9682237051159834
categorical,descriptive_same_diagnostic_sample,0.55,141,85,12044,318,0.6238938053097345,0.30718954248366015,0.9929920026383049,0.6500907725609826,0.4116788321167883,0.9679853829043533
categorical,descriptive_same_diagnostic_sample,0.56,139,82,12047,320,0.6289592760180995,0.3028322440087146,0.9932393437216588,0.6480357938651867,0.4088235294117647,0.9680648236415634
categorical,descriptive_same_diagnostic_sample,0.5700000000000001,137,79,12050,322,0.6342592592592593,0.2984749455337691,0.9934866848050128,0.6459808151693909,0.4059259259259259,0.9681442643787734
categorical,descriptive_same_diagnostic_sample,0.58,135,73,12056,324,0.6490384615384616,0.29411764705882354,0.9939813669717207,0.6440495070152721,0.4047976011994003,0.9684620273276136
categorical,descriptive_same_diagnostic_sample,0.59,134,70,12059,325,0.6568627450980392,0.29193899782135074,0.9942287080550746,0.6430838529382127,0.4042232277526395,0.9686209088020337
categorical,descriptive_same_diagnostic_sample,0.6,134,68,12061,325,0.6633663366336634,0.29193899782135074,0.9943936021106439,0.6431662999659973,0.405446293494705,0.9687797902764538
categorical,descriptive_same_diagnostic_sample,0.61,133,67,12062,326,0.665,0.289760348583878,0.9944760491384286,0.6421181988611533,0.40364188163884673,0.9687797902764538
categorical,descriptive_same_diagnostic_sample,0.62,133,66,12063,326,0.6683417085427136,0.289760348583878,0.9945584961662132,0.6421594223750455,0.40425531914893614,0.9688592310136638
categorical,descriptive_same_diagnostic_sample,0.63,132,64,12065,327,0.673469387755102,0.2875816993464052,0.9947233902217825,0.6411525447840938,0.4030534351145038,0.9689386717508739
categorical,descriptive_same_diagnostic_sample,0.64,131,63,12066,328,0.6752577319587629,0.28540305010893247,0.9948058372495672,0.6401044436792498,0.4012251148545176,0.9689386717508739
categorical,descriptive_same_diagnostic_sample,0.65,131,60,12069,328,0.6858638743455497,0.28540305010893247,0.9950531783329211,0.6402281142209267,0.40307692307692305,0.969176993962504
categorical,descriptive_same_diagnostic_sample,0.66,129,57,12072,330,0.6935483870967742,0.28104575163398693,0.9953005194162751,0.638173135525131,0.4,0.969256434699714
categorical,descriptive_same_diagnostic_sample,0.67,126,57,12072,333,0.6885245901639344,0.27450980392156865,0.9953005194162751,0.6349051616689219,0.3925233644859813,0.9690181124880839
categorical,descriptive_same_diagnostic_sample,0.68,126,55,12074,333,0.6961325966850829,0.27450980392156865,0.9954654134718444,0.6349876086967066,0.39375,0.969176993962504
categorical,descriptive_same_diagnostic_sample,0.6900000000000001,124,52,12077,335,0.7045454545454546,0.2701525054466231,0.9957127545551983,0.6329326300009107,0.3905511811023622,0.969256434699714
categorical,descriptive_same_diagnostic_sample,0.7000000000000001,123,50,12079,336,0.7109826589595376,0.2679738562091503,0.9958776486107676,0.631925752409959,0.38924050632911394,0.969335875436924
categorical,descriptive_same_diagnostic_sample,0.71,123,48,12081,336,0.7192982456140351,0.2679738562091503,0.9960425426663368,0.6320081994377436,0.3904761904761905,0.9694947569113441
categorical,descriptive_same_diagnostic_sample,0.72,121,48,12081,338,0.7159763313609467,0.2636165577342048,0.9960425426663368,0.6298295502002709,0.3853503184713376,0.969335875436924
categorical,descriptive_same_diagnostic_sample,0.73,117,43,12086,342,0.73125,0.2549019607843137,0.9964547778052602,0.6256783692947869,0.3780290791599354,0.9694153161741341
categorical,descriptive_same_diagnostic_sample,0.74,116,42,12087,343,0.7341772151898734,0.25272331154684097,0.9965372248330447,0.6246302681899428,0.3760129659643436,0.9694153161741341
categorical,descriptive_same_diagnostic_sample,0.75,114,40,12089,345,0.7402597402597403,0.24836601307189543,0.996702118888614,0.6225340659802547,0.3719412724306688,0.9694153161741341
categorical,descriptive_same_diagnostic_sample,0.76,112,39,12090,347,0.7417218543046358,0.2440087145969499,0.9967845659163987,0.6203966402566743,0.36721311475409835,0.969335875436924
categorical,descriptive_same_diagnostic_sample,0.77,109,38,12091,350,0.7414965986394558,0.2374727668845316,0.9968670129441833,0.6171698899143575,0.35973597359735976,0.969176993962504
categorical,descriptive_same_diagnostic_sample,0.78,107,37,12092,352,0.7430555555555556,0.23311546840958605,0.996949459971968,0.6150324641907771,0.3548922056384743,0.9690975532252939
categorical,descriptive_same_diagnostic_sample,0.79,105,36,12093,354,0.7446808510638298,0.22875816993464052,0.9970319069997526,0.6128950384671966,0.35,0.9690181124880839
categorical,descriptive_same_diagnostic_sample,0.8,105,35,12094,354,0.75,0.22875816993464052,0.9971143540275373,0.612936261981089,0.35058430717863104,0.9690975532252939
categorical,descriptive_same_diagnostic_sample,0.81,105,31,12098,354,0.7720588235294118,0.22875816993464052,0.9974441421386759,0.6131011560366583,0.35294117647058826,0.9694153161741341
categorical,descriptive_same_diagnostic_sample,0.8200000000000001,104,30,12099,355,0.7761194029850746,0.22657952069716775,0.9975265891664605,0.6120530549318142,0.35075885328836426,0.9694153161741341
categorical,descriptive_same_diagnostic_sample,0.8300000000000001,100,28,12101,359,0.78125,0.2178649237472767,0.9976914832220298,0.6077782034846533,0.34071550255536626,0.969256434699714
categorical,descriptive_same_diagnostic_sample,0.84,96,26,12103,363,0.7868852459016393,0.20915032679738563,0.9978563772775991,0.6035033520374924,0.3304647160068847,0.9690975532252939
categorical,descriptive_same_diagnostic_sample,0.85,96,24,12105,363,0.8,0.20915032679738563,0.9980212713331684,0.603585799065277,0.3316062176165803,0.969256434699714
categorical,descriptive_same_diagnostic_sample,0.86,95,24,12105,364,0.7983193277310925,0.20697167755991286,0.9980212713331684,0.6024964744465406,0.328719723183391,0.969176993962504
categorical,descriptive_same_diagnostic_sample,0.87,93,24,12105,366,0.7948717948717948,0.20261437908496732,0.9980212713331684,0.6003178252090678,0.3229166666666667,0.9690181124880839
categorical,descriptive_same_diagnostic_sample,0.88,92,23,12106,367,0.8,0.20043572984749455,0.9981037183609531,0.5992697241042239,0.3205574912891986,0.9690181124880839
categorical,descriptive_same_diagnostic_sample,0.89,90,23,12106,369,0.7964601769911505,0.19607843137254902,0.9981037183609531,0.5970910748667511,0.3146853146853147,0.9688592310136638
categorical,descriptive_same_diagnostic_sample,0.9,87,22,12107,372,0.7981651376146789,0.1895424836601307,0.9981861653887377,0.5938643245244342,0.30633802816901406,0.9687003495392438
categorical,descriptive_same_diagnostic_sample,0.91,84,21,12108,375,0.8,0.1830065359477124,0.9982686124165224,0.5906375741821174,0.2978723404255319,0.9685414680648237
categorical,descriptive_same_diagnostic_sample,0.92,81,21,12108,378,0.7941176470588235,0.17647058823529413,0.9982686124165224,0.5873696003259082,0.2887700534759358,0.9683031458531935
categorical,descriptive_same_diagnostic_sample,0.93,78,19,12110,381,0.8041237113402062,0.16993464052287582,0.9984335064720917,0.5841840734974838,0.2805755395683453,0.9682237051159834
categorical,descriptive_same_diagnostic_sample,0.9400000000000001,74,17,12112,385,0.8131868131868132,0.16122004357298475,0.998598400527661,0.5799092220503229,0.2690909090909091,0.9680648236415634
categorical,descriptive_same_diagnostic_sample,0.9500000000000001,70,17,12112,389,0.8045977011494253,0.15250544662309368,0.998598400527661,0.5755519235753773,0.2564102564102564,0.9677470606927232
categorical,descriptive_same_diagnostic_sample,0.96,67,14,12115,392,0.8271604938271605,0.14596949891067537,0.9988457416110149,0.5724076202608451,0.24814814814814815,0.9677470606927232
categorical,descriptive_same_diagnostic_sample,0.97,66,12,12117,393,0.8461538461538461,0.1437908496732026,0.9990106356665842,0.5714007426698934,0.24581005586592178,0.9678265014299333
categorical,descriptive_same_diagnostic_sample,0.98,59,10,12119,400,0.855072463768116,0.12854030501089325,0.9991755297221535,0.5638579173665234,0.22348484848484848,0.9674292977438831
categorical,descriptive_same_diagnostic_sample,0.99,53,7,12122,406,0.8833333333333333,0.11546840958605664,0.9994228708055075,0.5574456401957821,0.20423892100192678,0.967190975532253
categorical,descriptive_same_diagnostic_sample,1.0,0,0,12129,459,nan,0.0,1.0,0.5,0.0,0.963536701620591
topk5,descriptive_same_diagnostic_sample,0.0,469,12119,0,0,0.03725770575150937,1.0,0.0,0.5,0.0718388603814046,0.03725770575150937
topk5,descriptive_same_diagnostic_sample,0.01,410,2245,9874,59,0.1544256120527307,0.8742004264392325,0.8147536925488902,0.8444770594940614,0.26248399487836105,0.8169685414680649
topk5,descriptive_same_diagnostic_sample,0.02,389,1695,10424,80,0.1866602687140115,0.8294243070362474,0.8601369749979372,0.8447806410170923,0.3047395221308265,0.8589926914521767
topk5,descriptive_same_diagnostic_sample,0.03,375,1404,10715,94,0.21079258010118043,0.7995735607675906,0.8841488571664329,0.8418612089670117,0.33362989323843417,0.8809977756593581
topk5,descriptive_same_diagnostic_sample,0.04,362,1172,10947,107,0.23598435462842243,0.7718550106609808,0.9032923508540308,0.8375736807575058,0.36145781328007986,0.8983952971083572
topk5,descriptive_same_diagnostic_sample,0.05,350,1027,11092,119,0.2541757443718228,0.746268656716418,0.9152570344087796,0.8307628455625988,0.37919826652221017,0.9089609151572927
topk5,descriptive_same_diagnostic_sample,0.06,333,904,11215,136,0.26919967663702504,0.7100213219616205,0.9254063866655665,0.8177138543135936,0.3903868698710434,0.9173816333015571
topk5,descriptive_same_diagnostic_sample,0.07,326,821,11298,143,0.2842197035745423,0.6950959488272921,0.9322551365624226,0.8136755426948574,0.4034653465346535,0.9234191293295202
topk5,descriptive_same_diagnostic_sample,0.08,316,751,11368,153,0.29615745079662603,0.673773987206823,0.9380311906923013,0.8059025889495621,0.4114583333333333,0.9281855735621226
topk5,descriptive_same_diagnostic_sample,0.09,311,692,11427,158,0.3100697906281156,0.6631130063965884,0.9428995791731991,0.8030062927848938,0.422554347826087,0.9324753733714649
topk5,descriptive_same_diagnostic_sample,0.1,306,643,11476,163,0.3224446786090622,0.652452025586354,0.9469428170641142,0.7996974213252341,0.4315937940761636,0.9359707658087068
topk5,descriptive_same_diagnostic_sample,0.11,300,600,11519,169,0.3333333333333333,0.6396588486140725,0.9504909646010397,0.7950749066075561,0.4382761139517896,0.9389100730854782
topk5,descriptive_same_diagnostic_sample,0.12,291,559,11560,178,0.3423529411764706,0.6204690831556503,0.9538740820199686,0.7871715825878094,0.44124336618650495,0.9414521766761995
topk5,descriptive_same_diagnostic_sample,0.13,285,518,11601,184,0.3549190535491905,0.6076759061833689,0.9572571994388976,0.7824665528111332,0.4481132075471698,0.944232602478551
topk5,descriptive_same_diagnostic_sample,0.14,274,469,11650,195,0.36877523553162855,0.5842217484008528,0.9613004373298127,0.7727610928653328,0.4521452145214521,0.9472513504925326
topk5,descriptive_same_diagnostic_sample,0.15,262,441,11678,207,0.37268847795163584,0.55863539445629,0.9636108589817641,0.761123126719027,0.447098976109215,0.9485224022878932
topk5,descriptive_same_diagnostic_sample,0.16,257,412,11707,212,0.3841554559043348,0.5479744136460555,0.9660037956927139,0.7569891046693846,0.45166959578207383,0.9504289799809342
topk5,descriptive_same_diagnostic_sample,0.17,254,384,11735,215,0.3981191222570533,0.5415778251599147,0.9683142173446654,0.75494602125229,0.45889792231255644,0.9524149984111853
topk5,descriptive_same_diagnostic_sample,0.18,249,362,11757,220,0.4075286415711948,0.5309168443496801,0.9701295486426272,0.7505231964961536,0.46111111111111114,0.953765490943756
topk5,descriptive_same_diagnostic_sample,0.19,239,344,11775,230,0.4099485420240137,0.509594882729211,0.9716148197045961,0.7406048512169036,0.4543726235741445,0.9544010168414363
topk5,descriptive_same_diagnostic_sample,0.2,236,327,11792,233,0.4191829484902309,0.5031982942430704,0.9730175757075666,0.7381079349753186,0.4573643410852713,0.9555131871623769
topk5,descriptive_same_diagnostic_sample,0.21,229,305,11814,240,0.4288389513108614,0.488272921108742,0.9748329070055285,0.7315529140571353,0.45663010967098705,0.9567047982205275
topk5,descriptive_same_diagnostic_sample,0.22,225,289,11830,244,0.4377431906614786,0.47974413646055436,0.9761531479495008,0.7279486422050276,0.4577822990844354,0.957658087067048
topk5,descriptive_same_diagnostic_sample,0.23,222,275,11844,247,0.44668008048289737,0.47334754797441364,0.9773083587754765,0.725327953374945,0.45962732919254656,0.9585319351763585
topk5,descriptive_same_diagnostic_sample,0.24,218,259,11860,251,0.4570230607966457,0.464818763326226,0.9786285997194488,0.7217236815228374,0.4608879492600423,0.959485224022879
topk5,descriptive_same_diagnostic_sample,0.25,214,245,11874,255,0.4662309368191721,0.4562899786780384,0.9797838105454245,0.7180368946117315,0.46120689655172414,0.9602796313949793
topk5,descriptive_same_diagnostic_sample,0.26,210,235,11884,259,0.47191011235955055,0.44776119402985076,0.9806089611354072,0.714185077582629,0.45951859956236324,0.9607562758182396
topk5,descriptive_same_diagnostic_sample,0.27,208,219,11900,261,0.48711943793911006,0.44349680170575695,0.9819292020793795,0.7127130018925683,0.4642857142857143,0.9618684461391802
topk5,descriptive_same_diagnostic_sample,0.28,207,205,11914,262,0.5024271844660194,0.44136460554371004,0.9830844129053552,0.7122245092245326,0.4699205448354143,0.9629011757229107
topk5,descriptive_same_diagnostic_sample,0.29,205,198,11921,264,0.5086848635235732,0.43710021321961623,0.9836620183183431,0.7103811157689797,0.4701834862385321,0.9632983794089609
topk5,descriptive_same_diagnostic_sample,0.3,202,195,11924,267,0.5088161209068011,0.43070362473347545,0.9839095634953379,0.7073065941144067,0.4665127020785219,0.9632983794089609
topk5,descriptive_same_diagnostic_sample,0.31,200,185,11934,269,0.5194805194805194,0.42643923240938164,0.9847347140853205,0.7055869732473511,0.468384074941452,0.9639339053066412
topk5,descriptive_same_diagnostic_sample,0.32,195,178,11941,274,0.5227882037533512,0.4157782515991471,0.9853123194983084,0.7005452855487277,0.46318289786223277,0.9640927867810614
topk5,descriptive_same_diagnostic_sample,0.33,193,173,11946,276,0.5273224043715847,0.4115138592750533,0.9857248947932997,0.6986193770341765,0.4622754491017964,0.9643311089926915
topk5,descriptive_same_diagnostic_sample,0.34,192,168,11951,277,0.5333333333333333,0.4093816631130064,0.9861374700882911,0.6977595666006488,0.4632086851628468,0.9646488719415316
topk5,descriptive_same_diagnostic_sample,0.35000000000000003,186,163,11956,283,0.5329512893982808,0.39658848614072495,0.9865500453832825,0.6915692657620037,0.4547677261613692,0.9645694312043216
topk5,descriptive_same_diagnostic_sample,0.36,180,154,11965,289,0.5389221556886228,0.3837953091684435,0.9872926809142668,0.6855439950413551,0.44831880448318806,0.9648077534159517
topk5,descriptive_same_diagnostic_sample,0.37,178,144,11975,291,0.5527950310559007,0.3795309168443497,0.9881178315042495,0.6838243741742995,0.450063211125158,0.965443279313632
topk5,descriptive_same_diagnostic_sample,0.38,175,139,11980,294,0.5573248407643312,0.373134328358209,0.9885304067992409,0.6808323675787249,0.44699872286079184,0.9656021607880522
topk5,descriptive_same_diagnostic_sample,0.39,172,132,11987,297,0.5657894736842105,0.36673773987206826,0.9891080122122288,0.6779228760421485,0.445019404915912,0.9659199237368923
topk5,descriptive_same_diagnostic_sample,0.4,170,125,11994,299,0.576271186440678,0.3624733475479744,0.9896856176252166,0.6760794825865954,0.44502617801047123,0.9663171274229425
topk5,descriptive_same_diagnostic_sample,0.41000000000000003,167,121,11998,302,0.5798611111111112,0.35607675906183367,0.9900156778612097,0.6730462184615217,0.44121532364597094,0.9663965681601525
topk5,descriptive_same_diagnostic_sample,0.42,164,115,12004,305,0.5878136200716846,0.34968017057569295,0.9905107682151992,0.6700954693954461,0.4385026737967914,0.9666348903717826
topk5,descriptive_same_diagnostic_sample,0.43,158,111,12008,311,0.587360594795539,0.3368869936034115,0.9908408284511924,0.6638639110273019,0.4281842818428184,0.9664760088973625
topk5,descriptive_same_diagnostic_sample,0.44,156,102,12017,313,0.6046511627906976,0.3326226012793177,0.9915834639821768,0.6621030326307472,0.42916093535075656,0.9670320940578329
topk5,descriptive_same_diagnostic_sample,0.45,153,100,12019,316,0.6047430830039525,0.326226012793177,0.9917484941001733,0.6589872534466752,0.42382271468144045,0.9669526533206229
topk5,descriptive_same_diagnostic_sample,0.46,148,97,12022,321,0.6040816326530613,0.31556503198294245,0.9919960392771681,0.6537805356300552,0.41456582633053224,0.9667937718462027
topk5,descriptive_same_diagnostic_sample,0.47000000000000003,148,96,12023,321,0.6065573770491803,0.31556503198294245,0.9920785543361663,0.6538217931595544,0.41514726507713884,0.9668732125834127
topk5,descriptive_same_diagnostic_sample,0.48,147,92,12027,322,0.6150627615062761,0.31343283582089554,0.9924086145721595,0.6529207251965274,0.4152542372881356,0.9671115347950429
topk5,descriptive_same_diagnostic_sample,0.49,146,90,12029,323,0.6186440677966102,0.31130063965884863,0.992573644690156,0.6519371421745023,0.41418439716312055,0.967190975532253
topk5,descriptive_same_diagnostic_sample,0.5,143,87,12032,326,0.6217391304347826,0.3049040511727079,0.9928211898671507,0.6488626205199293,0.40915593705293274,0.967190975532253
topk5,descriptive_same_diagnostic_sample,0.51,142,87,12032,327,0.6200873362445415,0.302771855010661,0.9928211898671507,0.6477965224389058,0.4068767908309456,0.9671115347950429
topk5,descriptive_same_diagnostic_sample,0.52,138,83,12036,331,0.6244343891402715,0.2942430703624733,0.9931512501031439,0.6436971602328085,0.4,0.9671115347950429
topk5,descriptive_same_diagnostic_sample,0.53,138,83,12036,331,0.6244343891402715,0.2942430703624733,0.9931512501031439,0.6436971602328085,0.4,0.9671115347950429
topk5,descriptive_same_diagnostic_sample,0.54,136,82,12037,333,0.6238532110091743,0.2899786780383795,0.9932337651621421,0.6416062216002608,0.39592430858806404,0.9670320940578329
topk5,descriptive_same_diagnostic_sample,0.55,134,81,12038,335,0.6232558139534884,0.2857142857142857,0.9933162802211404,0.6395152829677131,0.391812865497076,0.9669526533206229
topk5,descriptive_same_diagnostic_sample,0.56,134,76,12043,335,0.638095238095238,0.2857142857142857,0.9937288555161317,0.6397215706152086,0.3946980854197349,0.967349857006673
topk5,descriptive_same_diagnostic_sample,0.5700000000000001,130,74,12045,339,0.6372549019607843,0.2771855010660981,0.9938938856341283,0.6355396933501132,0.3863298662704309,0.967190975532253
topk5,descriptive_same_diagnostic_sample,0.58,130,69,12050,339,0.6532663316582915,0.2771855010660981,0.9943064609291196,0.6357459809976088,0.38922155688622756,0.9675881792183031
topk5,descriptive_same_diagnostic_sample,0.59,130,67,12052,339,0.6598984771573604,0.2771855010660981,0.9944714910471161,0.6358284960566071,0.39039039039039036,0.9677470606927232
topk5,descriptive_same_diagnostic_sample,0.6,130,65,12054,339,0.6666666666666666,0.2771855010660981,0.9946365211651126,0.6359110111156053,0.39156626506024095,0.9679059421671433
topk5,descriptive_same_diagnostic_sample,0.61,128,64,12055,341,0.6666666666666666,0.27292110874200426,0.994719036224111,0.6338200724830576,0.38729198184568836,0.9678265014299333
topk5,descriptive_same_diagnostic_sample,0.62,126,63,12056,343,0.6666666666666666,0.26865671641791045,0.9948015512831092,0.6317291338505098,0.3829787234042553,0.9677470606927232
topk5,descriptive_same_diagnostic_sample,0.63,126,60,12059,343,0.6774193548387096,0.26865671641791045,0.995049096460104,0.6318529064390073,0.3847328244274809,0.9679853829043533
topk5,descriptive_same_diagnostic_sample,0.64,126,56,12063,343,0.6923076923076923,0.26865671641791045,0.995379156696097,0.6320179365570038,0.3870967741935484,0.9683031458531935
topk5,descriptive_same_diagnostic_sample,0.65,124,55,12064,345,0.6927374301675978,0.26439232409381663,0.9954616717550953,0.629926997924456,0.38271604938271603,0.9682237051159834
topk5,descriptive_same_diagnostic_sample,0.66,121,54,12065,348,0.6914285714285714,0.2579957356076759,0.9955441868140936,0.6267699612108848,0.37577639751552794,0.9680648236415634
topk5,descriptive_same_diagnostic_sample,0.67,118,53,12066,351,0.6900584795321637,0.2515991471215352,0.9956267018730919,0.6236129244973135,0.36875,0.9679059421671433
topk5,descriptive_same_diagnostic_sample,0.68,115,52,12067,354,0.688622754491018,0.24520255863539445,0.9957092169320901,0.6204558877837423,0.36163522012578614,0.9677470606927232
topk5,descriptive_same_diagnostic_sample,0.6900000000000001,111,49,12070,358,0.69375,0.23667377398720682,0.9959567621090849,0.6163152680481458,0.35294117647058826,0.9676676199555132
topk5,descriptive_same_diagnostic_sample,0.7000000000000001,111,48,12071,358,0.6981132075471698,0.23667377398720682,0.9960392771680832,0.616356525577645,0.3535031847133758,0.9677470606927232
topk5,descriptive_same_diagnostic_sample,0.71,110,46,12073,359,0.7051282051282052,0.2345415778251599,0.9962043072860797,0.6153729425556198,0.352,0.9678265014299333
topk5,descriptive_same_diagnostic_sample,0.72,108,46,12073,361,0.7012987012987013,0.2302771855010661,0.9962043072860797,0.6132407463935728,0.3467094703049759,0.9676676199555132
topk5,descriptive_same_diagnostic_sample,0.73,104,43,12076,365,0.7074829931972789,0.22174840085287847,0.9964518524630745,0.6091001266579765,0.33766233766233766,0.9675881792183031
topk5,descriptive_same_diagnostic_sample,0.74,104,42,12077,365,0.7123287671232876,0.22174840085287847,0.9965343675220728,0.6091413841874757,0.3382113821138211,0.9676676199555132
topk5,descriptive_same_diagnostic_sample,0.75,104,40,12079,365,0.7222222222222222,0.22174840085287847,0.9966993976400693,0.6092238992464739,0.33931484502446985,0.9678265014299333
topk5,descriptive_same_diagnostic_sample,0.76,101,38,12081,368,0.7266187050359713,0.21535181236673773,0.9968644277580658,0.6061081200624018,0.33223684210526316,0.9677470606927232
topk5,descriptive_same_diagnostic_sample,0.77,99,36,12083,370,0.7333333333333333,0.21108742004264391,0.9970294578760623,0.6040584389593531,0.32781456953642385,0.9677470606927232
topk5,descriptive_same_diagnostic_sample,0.78,97,35,12084,372,0.7348484848484849,0.2068230277185501,0.9971119729350606,0.6019675003268053,0.3227953410981697,0.9676676199555132
topk5,descriptive_same_diagnostic_sample,0.79,94,33,12086,375,0.7401574803149606,0.20042643923240938,0.9972770030530572,0.5988517211427333,0.31543624161073824,0.9675881792183031
topk5,descriptive_same_diagnostic_sample,0.8,94,32,12087,375,0.746031746031746,0.20042643923240938,0.9973595181120555,0.5988929786722325,0.31596638655462184,0.9676676199555132
topk5,descriptive_same_diagnostic_sample,0.81,94,28,12091,375,0.7704918032786885,0.20042643923240938,0.9976895783480485,0.599058008790229,0.31810490693739424,0.9679853829043533
topk5,descriptive_same_diagnostic_sample,0.8200000000000001,93,28,12091,376,0.768595041322314,0.19829424307036247,0.9976895783480485,0.5979919107092055,0.3152542372881356,0.9679059421671433
topk5,descriptive_same_diagnostic_sample,0.8300000000000001,93,27,12092,376,0.775,0.19829424307036247,0.9977720934070468,0.5980331682387046,0.3157894736842105,0.9679853829043533
topk5,descriptive_same_diagnostic_sample,0.84,92,27,12092,377,0.773109243697479,0.19616204690831557,0.9977720934070468,0.5969670701576811,0.3129251700680272,0.9679059421671433
topk5,descriptive_same_diagnostic_sample,0.85,89,23,12096,380,0.7946428571428571,0.18976545842217485,0.9981021536430399,0.5939338060326074,0.306368330464716,0.9679853829043533
topk5,descriptive_same_diagnostic_sample,0.86,89,22,12097,380,0.8018018018018018,0.18976545842217485,0.9981846687020381,0.5939750635621065,0.30689655172413793,0.9680648236415634
topk5,descriptive_same_diagnostic_sample,0.87,87,22,12097,382,0.7981651376146789,0.18550106609808104,0.9981846687020381,0.5918428674000595,0.30103806228373703,0.9679059421671433
topk5,descriptive_same_diagnostic_sample,0.88,87,21,12098,382,0.8055555555555556,0.18550106609808104,0.9982671837610364,0.5918841249295588,0.30155979202772965,0.9679853829043533
topk5,descriptive_same_diagnostic_sample,0.89,85,21,12098,384,0.8018867924528302,0.1812366737739872,0.9982671837610364,0.5897519287675118,0.2956521739130435,0.9678265014299333
topk5,descriptive_same_diagnostic_sample,0.9,84,19,12100,385,0.8155339805825242,0.1791044776119403,0.9984322138790329,0.5887683457454866,0.2937062937062937,0.9679059421671433
topk5,descriptive_same_diagnostic_sample,0.91,81,19,12100,388,0.81,0.17270788912579957,0.9984322138790329,0.5855700515024163,0.28471001757469244,0.9676676199555132
topk5,descriptive_same_diagnostic_sample,0.92,80,19,12100,389,0.8080808080808081,0.17057569296375266,0.9984322138790329,0.5845039534213928,0.28169014084507044,0.9675881792183031
topk5,descriptive_same_diagnostic_sample,0.93,76,18,12101,393,0.8085106382978723,0.16204690831556504,0.9985147289380312,0.5802808186267981,0.2699822380106572,0.967349857006673
topk5,descriptive_same_diagnostic_sample,0.9400000000000001,73,16,12103,396,0.8202247191011236,0.15565031982942432,0.9986797590560277,0.577165039442726,0.2616487455197133,0.967270416269463
topk5,descriptive_same_diagnostic_sample,0.9500000000000001,67,16,12103,402,0.8072289156626506,0.14285714285714285,0.9986797590560277,0.5707684509565852,0.2427536231884058,0.9667937718462027
topk5,descriptive_same_diagnostic_sample,0.96,66,15,12104,403,0.8148148148148148,0.14072494669509594,0.9987622741150259,0.5697436104050609,0.24,0.9667937718462027
topk5,descriptive_same_diagnostic_sample,0.97,60,14,12105,409,0.8108108108108109,0.1279317697228145,0.9988447891740243,0.5633882794484194,0.22099447513812154,0.9663965681601525
topk5,descriptive_same_diagnostic_sample,0.98,55,11,12108,414,0.8333333333333334,0.11727078891257996,0.9990923343510191,0.5581815616317995,0.205607476635514,0.9662376866857324
topk5,descriptive_same_diagnostic_sample,0.99,47,8,12111,422,0.8545454545454545,0.10021321961620469,0.9993398795280138,0.5497765495721093,0.17938931297709923,0.9658404829996823
topk5,descriptive_same_diagnostic_sample,1.0,0,0,12119,469,nan,0.0,1.0,0.5,0.0,0.9627422942484907
