endpoint,split,test_rows,mae,similarity_min,similarity_q25,similarity_median,similarity_q75,similarity_max,spearman_similarity_vs_absolute_error,spearman_raw_p,threshold_0_3_low_n,threshold_0_3_high_n,threshold_0_3_low_mae,threshold_0_3_high_mae,threshold_0_3_relative_gap,threshold_0_5_low_n,threshold_0_5_high_n,threshold_0_5_low_mae,threshold_0_5_high_mae,threshold_0_5_relative_gap,threshold_0_7_low_n,threshold_0_7_high_n,threshold_0_7_low_mae,threshold_0_7_high_mae,threshold_0_7_relative_gap,spearman_holm69_p
asap_hlm,split1,32,0.38661149255006866,0.2558139534883721,0.5204918032786885,0.5817901234567902,0.6270833333333333,0.8208955223880597,0.32220800768328695,0.07210181041129432,1,31,0.17094937912211838,0.39356833491871224,-0.5758208436283442,6,26,0.15823423026929515,0.43931393769178556,-0.7270340195230716,27,5,0.33121306381987936,0.685763007693091,-0.9170703683292475,1.0
asap_hlm,split2,23,0.25517159387494004,0.34782608695652173,0.5198708395429708,0.5666666666666667,0.6509615384615385,0.8571428571428571,-0.20865271498713311,0.3393590463733914,0,23,,0.25517159387494004,,3,20,0.5565358484549018,0.20996695568794582,1.358179754666618,20,3,0.24100270247552777,0.34963086987102227,-0.4257063482102687,1.0
asap_hlm,split3,23,0.42256603326466335,0.3698630136986301,0.5782456140350878,0.6885245901639344,0.8025641025641026,0.8208955223880597,0.3576038702301468,0.09387693567810113,0,23,,0.42256603326466335,,4,19,0.46546913897794406,0.4135338004829202,0.12290466910882894,12,11,0.3264346157526994,0.5274366705504424,-0.47567016507417803,1.0
asap_ksol,split1,53,0.3610486042867429,0.4067796610169492,0.5975609756097561,0.6438356164383562,0.6626506024096386,0.8356164383561644,-0.3510990243040661,0.009945318884838444,0,53,,0.3610486042867429,,2,51,0.56396946968413,0.3530909232907669,0.5840724597452935,45,8,0.366873577583791,0.3282831294908465,0.10688435749303218,0.6066644519751451
asap_ksol,split2,48,0.3291740139226375,0.23255813953488372,0.5912029554375433,0.6079083518107908,0.6501998001998002,0.8275862068965517,0.11360071622610989,0.44201432806724883,1,47,1.2267068694497238,0.3100775701880186,2.7846344501456652,2,46,0.7441943893780942,0.3111296497724002,1.3156103498117349,41,7,0.3539256310718846,0.1842002563341902,0.5156098827946464,1.0
asap_ksol,split3,49,0.25435596198721466,0.5247524752475248,0.5955056179775281,0.6438356164383562,0.691358024691358,0.8356164383561644,-0.18806173816983493,0.19565516580331782,0,49,,0.25435596198721466,,0,49,,0.25435596198721466,,40,9,0.2456279016773748,0.29314734114205854,-0.1868225894664593,1.0
asap_logd,split1,55,0.38428377152572984,0.23529411764705882,0.4573146090119216,0.5360824742268041,0.6338709677419354,0.8641975308641975,-0.05426468522380806,0.693961824342108,3,52,0.8482256730397543,0.3575178925922285,1.2769412002470426,25,30,0.4268893423080445,0.3487791292071342,0.20326180517794873,47,8,0.3730766240206171,0.450125763118267,-0.2005006321025219,1.0
asap_logd,split2,69,0.5347345791929874,0.19444444444444445,0.5074626865671642,0.5714285714285714,0.6071428571428571,0.8208955223880597,-0.26572494565035815,0.027328663692656702,3,66,0.8739224672317505,0.5193169479184983,0.6631430491149778,16,53,0.7254886922240258,0.47714843186286265,0.4644178065610684,62,7,0.5767876345375851,0.16226466042654866,0.7751938816760788,1.0
asap_logd,split3,59,0.4954757647393114,0.22077922077922077,0.5454545454545454,0.5975609756097561,0.648840885142255,0.7866666666666666,-0.3910825536716043,0.0021936944198493115,3,56,0.6793305746714274,0.4856263999215194,0.3909458111474396,11,48,0.8192177715084771,0.42128488818804427,0.8031328909291868,51,8,0.4914199241703632,0.5213317483663559,-0.06036990368586533,0.14039644287035594
asap_mdr1,split1,56,0.3577228099854792,0.17333333333333334,0.5333333333333333,0.5877684407096172,0.6070878274268106,0.7884615384615384,0.19067657083969897,0.1592309968343516,1,55,0.34479882115625693,0.35795779160055596,-0.03678538263979641,10,46,0.26495564141097194,0.37788958576254594,-0.31570238519639904,51,5,0.3480043803595711,0.45685079216974256,-0.30427584926605544,1.0
asap_mdr1,split2,65,0.32825574860795315,0.2,0.5161290322580645,0.5697674418604651,0.6071428571428571,0.8571428571428571,0.11507394992150004,0.36135215571510315,5,60,0.40989839948004836,0.3214521943686119,0.26944297392052907,13,52,0.23425898247384896,0.3517549401414791,-0.35794028944169237,60,5,0.32792977579752375,0.33216742233310576,-0.012909588190161966,1.0
asap_mdr1,split3,51,0.28437956639644535,0.3026315789473684,0.5038318144159072,0.6103896103896104,0.6875,0.7866666666666666,-0.21928419296702414,0.12208910909607612,0,51,,0.28437956639644535,,13,38,0.31681878940600183,0.27328193747212337,0.15309416385136826,45,6,0.2919670255664283,0.22747362262157358,0.22678634671995493,1.0
asap_mers,split1,81,0.7113238242820457,0.21666666666666667,0.5375,0.6060606060606061,0.66,0.8723404255319149,0.05491570067203171,0.6263099890977204,2,79,1.3795705509185794,0.6944061856330196,0.9632242614355154,15,66,0.4753600705464681,0.7649519501310407,-0.4071168006735383,69,12,0.7543982533441074,0.4636458571751912,0.4087482890965712,1.0
asap_mers,split2,118,0.4770541304248875,0.2,0.5678571428571428,0.6229508196721312,0.6964285714285714,0.8867924528301887,-0.1138714135383168,0.21952562327248343,4,114,0.6593123388290407,0.47065910556860135,0.39545456422820546,12,106,0.6594063790639243,0.45641047963556247,0.42551963494701084,89,29,0.514380057045583,0.3625021487268908,0.31836619501317887,1.0
asap_mers,split3,118,0.48233666258343194,0.19230769230769232,0.6211776187378009,0.6693989071038251,0.7160714285714286,0.9302325581395349,-0.17997666190818445,0.05115339388961921,2,116,2.4204311084747316,0.4489212411025475,4.087414497609672,4,114,1.3467153882980347,0.4520075844881828,1.854944633521592,78,40,0.5225790779407208,0.4038639526367188,0.24612502949320647,1.0
asap_mlm,split1,62,0.4752966319369298,0.43333333333333335,0.47239795918367344,0.611247947454844,0.6956521739130435,0.8641975308641975,0.04039895287449204,0.7552265078885826,0,62,,0.4752966319369298,,20,42,0.44420359783717595,0.49010283865109827,-0.09656967403045473,47,15,0.46110702048554486,0.5197574144846027,-0.12339745341776483,1.0
asap_mlm,split2,51,0.5593008676486928,0.18085106382978725,0.5708103855232101,0.6071428571428571,0.7380226480836236,0.8641975308641975,-0.32066124653817246,0.021781478092776432,1,50,0.4852694847338377,0.5607814953069898,-0.13501143112937677,8,43,0.6954452981168227,0.5339716712825291,0.28870619763765165,36,15,0.5804539277688172,0.508533523360394,0.1285898316424528,1.0
asap_mlm,split3,70,0.4393866166190023,0.23076923076923078,0.5555405405405406,0.6031746031746031,0.6844561688311688,0.8208955223880597,0.06511978881615986,0.5922417984484891,1,69,0.9617655174090505,0.4318159079119002,1.2061123153340747,8,62,0.34093678443863434,0.4520898207713079,-0.25297319519646577,61,9,0.4639024497875719,0.27322374736536426,0.43396565851150526,1.0
asap_sars,split1,69,0.5784779827836631,0.23076923076923078,0.5652173913043478,0.6229508196721312,0.7021276595744681,0.84,-0.0800869775135616,0.5130145459286755,3,66,2.0402956644694012,0.5120317245252205,2.641870538598726,7,62,1.1953682027544292,0.5088290869805121,1.1868024993280795,51,18,0.5721032464270499,0.5965397357940674,-0.04224273022359113,1.0
asap_sars,split2,116,0.5855135679244994,0.24770642201834864,0.6050874210781932,0.6546536796536797,0.7081716036772217,0.9347826086956522,-0.32329240241541146,0.0004004162630834113,2,114,2.10339373588562,0.5588840912936027,2.6378716552494614,9,107,1.285696595509847,0.526619668407975,1.2964292694234425,79,37,0.6561546250838268,0.4346853648005305,0.3782478706144249,0.026427473363505146
asap_sars,split3,50,0.6883088039398194,0.35384615384615387,0.6070878274268106,0.6491228070175439,0.7,0.9259259259259259,-0.41938661789714105,0.0024324497839357242,0,50,,0.6883088039398194,,3,47,1.1100417963663736,0.6613896767636565,0.651818075019049,36,14,0.8065235312779745,0.3843280764988491,0.6133808726003729,0.15324433638795062
biogen_hlm,split1,104,0.33696175680157914,0.23076923076923078,0.343672236046925,0.4066666666666667,0.48083333333333333,0.6296296296296297,-0.1787345162648893,0.06946874094199489,16,88,0.475402139256239,0.3117907781734592,0.48554875376888185,81,23,0.33601283360363055,0.34030361675957194,-0.01273373927257873,104,0,0.33696175680157914,,,1.0
biogen_hlm,split2,75,0.3281972335240153,0.1935483870967742,0.3473304473304473,0.42105263157894735,0.515625,0.6428571428571429,-0.2298073914839411,0.04732334062870803,8,67,0.48592137012801745,0.30936450079517924,0.5379596513872471,51,24,0.37643063459806547,0.22570125624165852,0.4592646218798111,75,0,0.3281972335240153,,,1.0
biogen_hlm,split3,75,0.3167634138621883,0.23943661971830985,0.3442887931034483,0.42857142857142855,0.4883468834688347,0.6428571428571429,-0.16302492333043195,0.16226542869621832,5,70,0.2579861367969299,0.32096179079542103,-0.19880974646235328,60,15,0.3343752365317189,0.24631612318406573,0.27799647779387915,75,0,0.3167634138621883,,,1.0
biogen_hppb,split1,25,0.38194085115270565,0.1527777777777778,0.2289156626506024,0.26744186046511625,0.4696969696969697,0.6081081081081081,-0.24735526520268034,0.2332247040162781,13,12,0.4226085106244906,0.33788422005827207,0.22182568403070485,19,6,0.44342622730455905,0.1872371600051702,0.6707558684183814,25,0,0.38194085115270565,,,1.0
biogen_hppb,split2,20,0.36743475825885086,0.15873015873015872,0.22786361610459072,0.28743545611015486,0.34727718108159034,0.625,-0.11578947368421053,0.6268789936728247,12,8,0.41713695617001595,0.29288146139210325,0.3381702247406247,18,2,0.3910865072610533,0.15456901723902894,0.6436992818610869,20,0,0.36743475825885086,,,1.0
biogen_hppb,split3,21,0.6570713060078724,0.203125,0.22857142857142856,0.2702702702702703,0.2972972972972973,0.6274509803921569,-0.24935064935064938,0.2756990797076051,16,5,0.7117840191322414,0.4819906240098912,0.3497236799434932,19,2,0.7060286433729877,0.19197660103927605,0.7823382905835682,21,0,0.6570713060078724,,,1.0
biogen_mdr1,split1,77,0.32428461505283185,0.25,0.3013698630136986,0.390625,0.47692307692307695,0.625,0.03742482504207527,0.7465867313131704,19,58,0.3718128270143642,0.3087150283757782,0.1945753690112811,60,17,0.2761166804652363,0.49428909006787514,-0.672780636130686,77,0,0.32428461505283185,,,1.0
biogen_mdr1,split2,75,0.3669624653599816,0.2222222222222222,0.32881325081907536,0.4,0.4903525046382189,0.6216216216216216,-0.16812245772115225,0.14935498832517716,8,67,0.6501656821614661,0.33314715589114763,0.8638990528890487,58,17,0.3847341295454459,0.30632972872722086,0.2136578212197047,75,0,0.3669624653599816,,,1.0
biogen_mdr1,split3,76,0.31391371241813726,0.2153846153846154,0.31288032454361053,0.375,0.47411561691113024,0.6428571428571429,0.06771296162748573,0.5611108699759485,16,60,0.3517251503753066,0.3038306622962254,0.15257214382302964,62,14,0.3028789724324425,0.3627818466404996,-0.1908259239350006,76,0,0.31391371241813726,,,1.0
biogen_rlm,split1,107,0.34535193960436217,0.2463768115942029,0.3505291005291005,0.4166666666666667,0.4963768115942029,0.7777777777777778,0.02697195045216678,0.7827222700441241,5,102,0.4250085511655518,0.3414472037435195,0.2419599771692634,80,27,0.35077482852451636,0.32928412058168316,0.06222842694166744,106,1,0.3417414895970217,0.7280596403824462,-1.1186216334212384,1.0
biogen_rlm,split2,124,0.4026366415978176,0.2261904761904762,0.33907967032967035,0.40967365967365965,0.5084745762711864,0.717948717948718,-0.021632875322312208,0.8115074982107643,13,111,0.6253062203954326,0.37655822245935827,0.6177977169413749,91,33,0.40038126826980147,0.40885600441143793,-0.021048099616580943,122,2,0.398777302513,0.6380563257716979,-0.5942802977621371,1.0
biogen_rlm,split3,104,0.3805276736174985,0.25806451612903225,0.34285714285714286,0.3888888888888889,0.48512544802867386,0.8235294117647058,-0.13939828832545811,0.1581537050927109,8,96,0.3684713779738693,0.38153236492113435,-0.034323356362233395,80,24,0.3816102460794655,0.3769190987442754,0.01232800571530976,103,1,0.3840231498386788,0.020493622835937586,0.9553300645570298,1.0
biogen_rppb,split1,20,0.4319495692154892,0.14285714285714285,0.24929775280898875,0.275324966382788,0.4789236479321315,0.6428571428571429,-0.25347876933595553,0.2808843515051914,11,9,0.477492766327007,0.37628566163474525,0.23430305735939272,15,5,0.4799682082186157,0.28789365220610963,0.44466893753674447,20,0,0.4319495692154892,,,1.0
biogen_rppb,split2,20,0.5236968427846097,0.20987654320987653,0.25374891858117854,0.2784650630011455,0.48333333333333334,0.6274509803921569,-0.33533834586466166,0.14835729861849292,12,8,0.5563656907473741,0.474693570840463,0.15595304999862653,16,4,0.5973238948491069,0.22918863452662044,0.7029548972742158,20,0,0.5236968427846097,,,1.0
biogen_rppb,split3,20,0.37872479009033944,0.2222222222222222,0.2860014892032762,0.3610215053763441,0.46245560629122273,0.717948717948718,-0.2706766917293233,0.24839056913669727,7,13,0.44181802667621073,0.3447515088517933,0.2562982946040147,16,4,0.39033667111618386,0.3322772659869614,0.15330236268762135,19,1,0.37630334310006364,0.42473228290557863,-0.12787369898327214,1.0
biogen_solubility,split1,98,0.37153964334323314,0.21739130434782608,0.3069230769230769,0.39811320754716983,0.5,0.6481481481481481,-0.17771912052431946,0.07999389853210172,18,80,0.5604438372759658,0.3290361997083683,0.622834310452896,72,26,0.3861077874590261,0.33119709040719136,0.14779229628830617,98,0,0.37153964334323314,,,1.0
biogen_solubility,split2,113,0.3706785538410473,0.19696969696969696,0.3230769230769231,0.4230769230769231,0.4788732394366197,0.6282051282051282,-0.03230474923511089,0.7341015298286615,21,92,0.40642403477845807,0.36251925927924705,0.11844433686346488,92,21,0.3434331227435871,0.49003949007753966,-0.39550809134973486,113,0,0.3706785538410473,,,1.0
biogen_solubility,split3,125,0.3781220606672109,0.23529411764705882,0.3333333333333333,0.40476190476190477,0.46938775510204084,0.6538461538461539,-0.2051808283293688,0.021708832593395427,18,107,0.5299373965164557,0.35258303220659015,0.4690399814200656,97,28,0.3927935372836798,0.3272958738173006,0.17321830773588312,125,0,0.3781220606672109,,,1.0
expansion_caco2_efflux,split1,339,0.22246197957862718,0.24193548387096775,0.6123724489795919,0.6774193548387096,0.7540983606557377,0.9285714285714286,-0.06119505866597032,0.26117756674514947,1,338,0.12565482603643952,0.22274839127549756,-0.4364501539677309,22,317,0.242816932626449,0.2210493329948667,0.09784862866370711,198,141,0.229108386206142,0.21312872771871283,0.07183096418406766,1.0
expansion_caco2_efflux,split2,260,0.24665299015551828,0.35185185185185186,0.5633802816901409,0.6275684931506849,0.7339622641509433,0.9285714285714286,-0.07932778074091584,0.20232024773708487,0,260,,0.24665299015551828,,23,237,0.30903075984908407,0.24059945132449714,0.27743960647482924,179,81,0.2592751713782196,0.21875952794732642,0.1642617160462862,1.0
expansion_caco2_efflux,split3,208,0.22888672600047733,0.3389830508474576,0.5921755282098908,0.6417910447761194,0.6985849056603773,0.88,-0.0075794982247966115,0.9134754336686437,0,208,,0.22888672600047733,,13,195,0.2831134910737018,0.22527160832892898,0.2527096426930945,156,52,0.2296156131078949,0.22670006467822437,0.012737953312611319,1.0
expansion_caco2_pappa,split1,238,0.2977409922335519,0.3484848484848485,0.6,0.6491228070175439,0.7407407407407407,0.9038461538461539,-0.05768279406385013,0.3756500678854814,0,238,,0.2977409922335519,,10,228,0.19916329635397928,0.3020645753861647,-0.3456066907692319,156,82,0.3064164060134313,0.28123654650597635,0.08456967688111797,1.0
expansion_caco2_pappa,split2,214,0.2699528260518302,0.3484848484848485,0.5672650262202501,0.6231884057971014,0.7219945355191257,0.9206349206349206,-0.016718576768497518,0.8078843475804706,0,214,,0.2699528260518302,,17,197,0.3932616440224373,0.2593119635873615,0.49619662218078725,155,59,0.2704900477906701,0.2685414808057252,0.007218175906670334,1.0
expansion_caco2_pappa,split3,202,0.3129394790978215,0.24193548387096775,0.5827935792734441,0.6417910447761194,0.6995283018867924,0.875,-0.024331498944019387,0.7310565627894186,1,201,0.43817558081077235,0.31231641391517,0.4021837297692316,14,188,0.26935407645532033,0.31618520057119925,-0.14964914062900966,151,51,0.30963611497533394,0.3227200277742061,-0.04180972255910951,1.0
expansion_hlm,split1,443,0.3267202379011458,0.17721518987341772,0.6060606060606061,0.6612903225806451,0.7258064516129032,0.9791666666666666,-0.08161315218024065,0.08620450308478701,2,441,1.4468855368903282,0.321640123166501,3.4440640131520945,12,431,0.6110898103800368,0.31880275560474974,0.8946095799052491,297,146,0.34728437052540656,0.2848877215353551,0.19097883066836693,1.0
expansion_hlm,split2,409,0.34094286118807615,0.18181818181818182,0.6181818181818182,0.6865671641791045,0.7611940298507462,0.9791666666666666,-0.053831260539413,0.27742341783435637,3,406,1.4053899722769883,0.3330774884460398,3.1451383967808693,13,396,0.5795819237539003,0.333108750548289,0.7229163630138247,227,182,0.3611811822562794,0.31570055963597643,0.13339661215318488,1.0
expansion_hlm,split3,426,0.3835840087881573,0.2926829268292683,0.5964912280701754,0.6515151515151515,0.7257273877292852,0.9285714285714286,-0.11969799821990522,0.013429416079493588,1,425,0.7945271549783832,0.38261708373829795,1.0738457855462158,22,404,0.42470984418295804,0.38134448309834146,0.11305309942825603,282,144,0.43096444101495524,0.2907973290106779,0.3654143780578916,0.8057649647696153
expansion_ksol,split1,608,0.3963300861487138,0.27586206896551724,0.6294802867383513,0.6923076923076923,0.7692307692307693,0.9791666666666666,-0.08482927721427472,0.03651397891395884,2,606,0.182970999327507,0.397034241550764,-0.54011353087874,14,594,0.5695478567453894,0.3922475124309471,0.44735524884657496,319,289,0.42308076629460084,0.36680251879045106,0.14199842371551036,1.0
expansion_ksol,split2,496,0.4501578158531471,0.2926829268292683,0.6219512195121951,0.6666666666666666,0.734375,0.9310344827586207,-0.01117280911420643,0.8039717744255537,1,495,0.5010077725089187,0.450055088667984,0.11318849089483934,9,487,0.34041872311798127,0.45218584836776,-0.24828431566373155,318,178,0.4575512950938671,0.4369492405804002,0.04576629303752404,1.0
expansion_ksol,split3,520,0.400993502096125,0.27710843373493976,0.6233295689817429,0.6742014742014741,0.7649356617647058,0.9117647058823529,-0.04830083053326549,0.27158509840613654,3,517,0.6582290758183332,0.3995008391925145,0.6452180279065898,15,505,0.2991552844039544,0.404018399651338,-0.2615082655934064,303,217,0.4258021004105833,0.36635292472616704,0.1482547107961996,1.0
expansion_logd,split1,534,0.24831191541606118,0.31645569620253167,0.6381704980842913,0.7012987012987013,0.7727272727272727,0.9791666666666666,-0.11842057774175126,0.0061486219217800515,0,534,,0.24831191541606118,,9,525,0.7325006854203013,0.24001153650170282,1.9833488380668485,261,273,0.28691930553351325,0.21140155343564002,0.3041245603189795,0.3812145591503632
expansion_logd,split2,570,0.28857097014000543,0.3442622950819672,0.6279815146094216,0.6725705329153605,0.7539795675932526,0.9310344827586207,-0.13020142911229562,0.0018396857469098102,0,570,,0.28857097014000543,,8,562,0.3070789456367493,0.2883075114140732,0.06504962787340955,343,227,0.31619188408245147,0.24683540413886443,0.24034461924544068,0.11957957354913766
expansion_logd,split3,551,0.2796354842184622,0.35,0.6233766233766234,0.6779661016949152,0.7647058823529411,0.8823529411764706,-0.23023596329506782,4.6097471274389084e-08,0,551,,0.2796354842184622,,10,541,0.4165007340162993,0.27710562747543377,0.49848861967733893,314,237,0.3163898046739447,0.23093988665297063,0.3055760904585958,3.134628046658458e-06
expansion_mbpb,split1,120,0.2647599176751324,0.3389830508474576,0.5400207900207901,0.6068501170960188,0.7045019157088123,0.8275862068965517,-0.1865957764174199,0.041288785563442176,0,120,,0.2647599176751324,,10,110,0.4610574820125722,0.24691468455354695,0.8088187945494991,88,32,0.2682989934354503,0.2550274593342583,0.050126674074119124,1.0
expansion_mbpb,split2,113,0.24117337705498137,0.44285714285714284,0.5925925925925926,0.6607142857142857,0.7536231884057971,0.8518518518518519,-0.2042877047032015,0.0299760733992145,0,113,,0.24117337705498137,,7,106,0.16998920727858574,0.2458742184553094,-0.31464920425036724,68,45,0.27400226084188706,0.1915652859992128,0.34181623133253525,1.0
expansion_mbpb,split3,176,0.24478231330411623,0.34375,0.6092767295597484,0.6825396825396826,0.7730938416422287,0.8518518518518519,-0.03339324454884716,0.6599534200562529,0,176,,0.24478231330411623,,9,167,0.3156952077083585,0.2409606603122708,0.30531024234270515,93,83,0.28050323701238644,0.2047576638478617,0.30944054797953824,1.0
expansion_mgmb,split1,15,0.24923754163222683,0.4603174603174603,0.6506849315068493,0.7727272727272727,0.790994623655914,0.8095238095238095,-0.042933879074109185,0.8792459404060442,0,15,,0.24923754163222683,,1,14,0.4850106068830278,0.2323966084000267,1.0135471439361108,5,10,0.2605706745435138,0.24357097517658327,0.06820681690086303,1.0
expansion_mgmb,split2,22,0.2508898080294587,0.3108108108108108,0.53823097626621,0.582089552238806,0.7036866359447005,0.8032786885245902,-0.3311671153134149,0.13219631028544543,0,22,,0.2508898080294587,,3,19,0.40423404659022516,0.22667755983565344,0.7077070533440066,16,6,0.2520812583849506,0.24771260708148016,0.01741262962327067,1.0
expansion_mgmb,split3,44,0.2739918401030312,0.17777777777777778,0.5715579710144928,0.643389423076923,0.7758506407423773,0.8928571428571429,-0.29137299415514234,0.05498718896047184,1,43,0.008531931442198382,0.28016532635095753,-0.9913922794438507,5,39,0.37640443111517047,0.2608620207425005,0.4217001876012867,25,19,0.3199093900860334,0.21357401117802818,0.3880968822575853,1.0
expansion_mlm,split1,617,0.3739279712005093,0.18518518518518517,0.6181818181818182,0.6724137931034483,0.7592592592592593,0.9354838709677419,-0.1960754626821654,9.188846841411025e-07,6,611,0.6819359776662767,0.3709033426591106,0.8317982578532023,26,591,0.5790809636627948,0.36490262804650014,0.5727796584156766,354,263,0.40924973328731157,0.3263846108251178,0.22160717797107357,6.156527383745386e-05
expansion_mlm,split2,528,0.3110102662595489,0.40789473684210525,0.6290322580645161,0.6875,0.7556122448979592,0.9791666666666666,-0.08611540721526198,0.04795500498714189,0,528,,0.3110102662595489,,6,522,0.465570963588867,0.3092337065201315,0.5026755513538792,291,237,0.33169234423151517,0.2856158160914385,0.14815114849496386,1.0
expansion_mlm,split3,655,0.3345059876014022,0.2926829268292683,0.6212121212121212,0.6727272727272727,0.735271467077397,0.9791666666666666,-0.23223335682787338,1.803224728556939e-09,1,654,0.6132542632013518,0.3340797669965093,0.8345874410400904,26,629,0.6385188421317647,0.3219394785111169,0.9464086603970873,383,272,0.38488871433415794,0.26356266282697044,0.3627021817372064,1.244225062704288e-07
expansion_mppb,split1,133,0.2775911205420906,0.2125,0.5571428571428572,0.6415094339622641,0.7702702702702703,0.8947368421052632,-0.18216343970878773,0.03585455370353557,4,129,0.26413030925780534,0.2780085100392778,-0.04999511783507543,17,116,0.2500664305986936,0.28162491130965744,-0.11368692431276342,85,48,0.29291127304634446,0.2504616838158079,0.1529212791376012,1.0
expansion_mppb,split2,147,0.2082704212121611,0.3333333333333333,0.6159754224270353,0.6610169491525424,0.7363455809334657,0.8518518518518519,-0.16616149588739093,0.044282406702546295,0,147,,0.2082704212121611,,7,140,0.2904455515894365,0.20416166469329733,0.41428776296679903,92,55,0.21893722287715653,0.1904277711543505,0.13688670506775416,1.0
expansion_mppb,split3,146,0.24703034194768964,0.2222222222222222,0.5652173913043478,0.6333333333333333,0.7272727272727273,0.8947368421052632,0.03820560548468338,0.6470679316871528,4,142,0.2841068118314481,0.24598593434533025,0.1543165798401809,13,133,0.30116236169251626,0.24173924227338325,0.24054988124380386,101,45,0.24435700142644928,0.2530305062286958,-0.03511109094478428,1.0
pxr,split1,237,0.5363838765188611,0.21739130434782608,0.3333333333333333,0.3787878787878788,0.45714285714285713,0.64,0.05275666099983364,0.4188329704940954,27,210,0.5530701340569391,0.5342385005496797,0.03510850033277832,202,35,0.5344821950704745,0.5473592951638359,-0.024007246781789872,237,0,0.5363838765188611,,,1.0
pxr,split2,225,0.4843791253407796,0.20754716981132076,0.3225806451612903,0.36764705882352944,0.42857142857142855,0.6229508196721312,-0.012276473240925713,0.8546973232178837,31,194,0.5274672237519296,0.47749391373899797,0.10316982586269262,200,25,0.4934372379302978,0.4119142246246338,0.16830414243865155,225,0,0.4843791253407796,,,1.0
pxr,split3,228,0.4593073517816108,0.22033898305084745,0.3321917808219178,0.37323383084577116,0.43711391153941187,0.6206896551724138,-0.03261706801349468,0.6241831978506347,27,201,0.5469477900752314,0.4475347555929155,0.21644120020439894,204,24,0.46541520240260104,0.40739062150319416,0.1263306164692006,228,0,0.4593073517816108,,,1.0
