smiles,target
CCCO,0.3887
CCCCO,0.7787999999999999
CCN,-0.03499999999999981
CCCN,0.3551000000000001
CCC(=O)O,0.481
COC,0.26260000000000006
CCOC,0.6527000000000001
CCCOC,1.0428
CCC(=O)N,-0.11829999999999996
c1ccccc1,1.6866
Cc1ccccc1,1.99502
Oc1ccccc1,1.3921999999999999
c1ccncc1,1.0816
c1ccoc1,1.2795999999999998
CCCl,1.2451
CCCCl,1.6352
CC(C)O,0.38710000000000006
CC(C)C,1.6622999999999999
CC(C)(C)O,0.7771999999999999
CC(C)N,0.35350000000000004
CCOCC,1.0428000000000002
CCCOCC,1.4329
CC(C)CO,0.6347
CC(C)CC,2.0524
