endpoint,split,train_rows,validation_rows,test_rows,unique_bemis_murcko,bemis_murcko_effective_shannon,bemis_murcko_singleton_fraction,bemis_murcko_largest_fraction,bemis_murcko_nonempty_fraction,unique_generic_scaffolds,generic_effective_shannon,unique_train_clusters,selected_method,frozen_validation_mae,lora_validation_mae,full_validation_mae,full_minus_frozen_validation_mae,full_minus_lora_validation_mae,frozen_test_mae,lora_test_mae,full_test_mae,full_minus_frozen_test_mae,full_minus_lora_test_mae
asap_hlm,split1,221,46,32,124,81.93412748030315,0.75,0.06787330316742081,1.0,88,46.80673408808286,80,frozen_mix,0.3616059199002298,0.36415916944555393,0.37945142069196575,0.01784550079173597,0.015292251246411814,0.3373178382946993,0.35943177010247107,0.38661149255006866,0.04929365425536936,0.027179722447597587
asap_hlm,split2,233,43,23,134,87.23958685634115,0.7611940298507462,0.07725321888412018,1.0,97,52.13621354485536,92,full_mix,0.3498985626909596,0.4174710306453359,0.34669919122997667,-0.003199371460982925,-0.07077183941535925,0.25083709661068626,0.20110604369280544,0.25517159387494004,0.004334497264253778,0.0540655501821346
asap_hlm,split3,228,48,23,134,88.30255949461386,0.7686567164179104,0.07894736842105263,1.0,89,49.31100864933329,85,full_mix,0.2923446782331038,0.27705340175832266,0.2536414619394205,-0.038703216293683285,-0.02341193981890216,0.3362293836734569,0.42901723943770803,0.42256603326466335,0.08633664959120646,-0.006451206173044677
asap_ksol,split1,261,51,53,163,120.5311331741192,0.7791411042944786,0.04980842911877394,1.0,115,74.77133723455714,116,lora_mix,0.4043291386708302,0.38268946094762657,0.4108081886236218,0.006479049952791582,0.028118727675995214,0.357453111745993,0.344022340768466,0.3610486042867429,0.0035954925407499227,0.017026263518276907
asap_ksol,split2,267,50,48,163,115.22924924707509,0.7668711656441718,0.06367041198501873,1.0,120,73.84481581201143,116,lora_mix,0.3760803854281062,0.33591379219036055,0.3385930955007996,-0.0374872899273066,0.0026793033104390296,0.39341794716415923,0.42332589411734034,0.3291740139226375,-0.06424393324152172,-0.09415188019470283
asap_ksol,split3,269,47,49,158,112.87035105234685,0.7341772151898734,0.055762081784386616,1.0,114,68.09766436581961,113,frozen_mix,0.3545284529471712,0.3659954629258849,0.3877815708378221,0.033253117890650885,0.02178610791193719,0.2407976433311756,0.23579077735428577,0.25435596198721466,0.01355831865603907,0.01856518463292889
asap_logd,split1,239,58,55,147,105.83104213318367,0.7551020408163265,0.07112970711297072,1.0,100,62.557528100407616,104,full_mix,0.4369868316064621,0.4871333131457454,0.38754361394086284,-0.04944321766559928,-0.09958969920488253,0.36890406680107124,0.39161808426813655,0.38428377152572984,0.015379704724658605,-0.007334312742406701
asap_logd,split2,241,42,69,135,92.24063928537079,0.725925925925926,0.07468879668049792,1.0,91,54.2497204747232,89,frozen_mix,0.3289096579487834,0.45799947549544634,0.49393317349964666,0.16502351555086325,0.03593369800420032,0.5321959234946879,0.4846005136616852,0.5347345791929874,0.0025386556982994746,0.050134065531302174
asap_logd,split3,244,49,59,139,97.3325693401413,0.7122302158273381,0.07377049180327869,1.0,90,54.082266690158114,93,lora_mix,0.5175021787565581,0.4853995223921172,0.5528600184771479,0.03535783972058981,0.06746049608503074,0.47058884927529393,0.48506885210336265,0.4954757647393114,0.024886915464017445,0.010406912635948729
asap_mdr1,split1,304,64,56,174,115.03716619757246,0.7701149425287356,0.05921052631578947,1.0,119,66.3974921332532,128,lora_mix,0.376041296775248,0.36442369405590325,0.3817268022857941,0.005685505510546085,0.01730310822989084,0.4517926765923375,0.41167370710955015,0.3577228099854792,-0.09406986660685834,-0.05395089712407097
asap_mdr1,split2,304,55,65,182,122.41934031011334,0.7912087912087912,0.05592105263157895,1.0,124,71.472799859039,121,full_mix,0.24730559348966943,0.24400476979682145,0.23146263750237847,-0.015842955987290963,-0.012542132294442981,0.2728614818918076,0.27224529070206466,0.32825574860795315,0.05539426671614556,0.05601045790588849
asap_mdr1,split3,317,56,51,188,127.65614125502795,0.7659574468085106,0.056782334384858045,1.0,125,70.03099505311454,126,full_mix,0.2687593162126552,0.27563504441882497,0.25943586747093017,-0.009323448741725027,-0.0161991769478948,0.313816090165201,0.3158046880354286,0.28437956639644535,-0.029436523768755662,-0.031425121638983256
asap_mers,split1,695,125,81,382,226.43398352129688,0.7696335078534031,0.0618705035971223,1.0,250,130.5873235952544,209,full_mix,0.43589715911865234,0.42735305358886716,0.38190902557373047,-0.05398813354492188,-0.045444028015136695,0.7268843389440466,0.7308429911107194,0.7113238242820457,-0.015560514662000924,-0.019519166828673717
asap_mers,split2,648,135,118,333,177.38788176723986,0.7627627627627628,0.06481481481481481,1.0,227,110.58292989461388,174,full_mix,0.4484468782212999,0.42908566171151624,0.4254335024798358,-0.023013375741464115,-0.0036521592316804408,0.4861380093784656,0.5040968327603098,0.4770541304248875,-0.009083878953578095,-0.02704270233542233
asap_mers,split3,628,155,118,342,196.2043825098329,0.7426900584795322,0.06528662420382166,1.0,226,114.07989396806472,209,full_mix,0.4544698259907385,0.45242896319973863,0.4524169539174727,-0.0020528720732657657,-1.2009282265912358e-05,0.6135189130750751,0.4925815589549178,0.48233666258343194,-0.13118225049164317,-0.010244896371485845
asap_mlm,split1,194,44,62,124,90.34572994442146,0.7661290322580645,0.08762886597938144,1.0,83,50.933305073585736,81,frozen_mix,0.33879953184692946,0.41214309562209944,0.4122483756580683,0.07344884381113886,0.00010528003596887991,0.4868704975166073,0.4536703587575997,0.4752966319369298,-0.011573865579677545,0.02162627317933008
asap_mlm,split2,209,40,51,126,85.68167932186725,0.7777777777777778,0.0861244019138756,1.0,88,49.84512589943696,75,frozen_mix,0.31492469652318505,0.42154311488662854,0.33671831850606027,0.02179362198287521,-0.08482479638056828,0.40873588238352915,0.5276239872773951,0.5593008676486928,0.15056498526516365,0.03167688037129768
asap_mlm,split3,196,34,70,117,78.00953107545668,0.7777777777777778,0.09183673469387756,1.0,76,39.29426021302701,70,frozen_mix,0.3681058489439348,0.5464751707417553,0.45168537549071236,0.08357952654677758,-0.09478979525104297,0.40369710031640993,0.4495405503559777,0.4393866166190023,0.03568951630259237,-0.010153933736975373
asap_sars,split1,657,116,69,351,190.60495614298432,0.7749287749287749,0.0776255707762557,1.0,225,112.27514337810891,161,full_mix,0.45999130413450035,0.4888094545232839,0.4044333928206871,-0.05555791131381327,-0.08437606170259682,0.5816211541493735,0.5857970649608669,0.5784779827836631,-0.0031431713657104066,-0.007319082177203784
asap_sars,split2,593,133,116,331,185.42146508197254,0.7764350453172205,0.08768971332209106,1.0,208,100.15677630666588,170,full_mix,0.6629561424255372,0.6916716484557417,0.6209356247751335,-0.04202051765040371,-0.07073602368060816,0.5946593258298676,0.5493238919356773,0.5855135679244994,-0.009145757905368201,0.036189675988822056
asap_sars,split3,647,145,50,339,191.02084496048457,0.7551622418879056,0.05255023183925812,1.0,227,115.85658078107507,196,lora_mix,0.41999393706486143,0.4104213198957772,0.41844948854117553,-0.001544448523685904,0.008028168645398348,0.6556130443573,0.7569527156829835,0.6883088039398194,0.03269575958251947,-0.06864391174316409
biogen_hlm,split1,2536,447,104,2212,1984.6783316146818,0.9199819168173599,0.013012618296529969,0.999211356466877,1430,829.0688294880138,2362,lora_mix,0.3367816013007522,0.319656902701841,0.33122563128499316,-0.005555970015759026,0.011568728583152166,0.3549728387367347,0.3445376393918043,0.33696175680157914,-0.01801108193515555,-0.00757588259022518
biogen_hlm,split2,2560,452,75,2237,2015.5198552880877,0.9181940098345999,0.01171875,0.99921875,1461,850.6574462990101,2376,full_mix,0.32372361183016857,0.31367175270730235,0.3088081066383854,-0.01491550519178314,-0.004863646068916927,0.29364418513997514,0.3147824192580472,0.3281972335240153,0.034553048384040164,0.013414814265968134
biogen_hlm,split3,2560,452,75,2242,2026.5349900651781,0.9201605709188225,0.0125,0.99921875,1447,842.4560213658924,2377,full_mix,0.32506682561803935,0.3124035843333363,0.30691436560436824,-0.0181524600136711,-0.0054892187289680705,0.3327687344665198,0.34117902148614315,0.3167634138621883,-0.016005320604331463,-0.024415607623954838
biogen_hppb,split1,144,25,25,134,129.83644234122573,0.9402985074626866,0.020833333333333332,1.0,121,111.10638350032454,130,frozen_mix,0.30322471723088135,0.3581756764271051,0.38988397260497193,0.08665925537409058,0.0317082961778668,0.3922595265007795,0.3882355439096729,0.38194085115270565,-0.010318675348073847,-0.006294692756967257
biogen_hppb,split2,148,26,20,135,129.6497771576883,0.9259259259259259,0.02027027027027027,1.0,119,108.32753086906436,135,full_mix,0.3549626747350316,0.30045286211866706,0.28388726091520167,-0.07107541381982996,-0.016565601203465397,0.4787701562181398,0.3745350038473507,0.36743475825885086,-0.11133539795928893,-0.007100245588499865
biogen_hppb,split3,147,26,21,134,128.65785483656902,0.9253731343283582,0.02040816326530612,1.0,120,109.41171656670119,132,full_mix,0.4058315608996975,0.4238315328178367,0.39775018664969497,-0.008081374250002549,-0.026081346168141728,0.5578731602806556,0.5881498442466717,0.6570713060078724,0.09919814572721686,0.06892146176120073
biogen_mdr1,split1,2180,385,77,1942,1784.5813078940998,0.9253347064881565,0.00963302752293578,0.9995412844036697,1344,864.0959769040071,2030,full_mix,0.32872653234329663,0.3272128798662557,0.30830588739434883,-0.020420644948947797,-0.01890699247190686,0.3909251865366637,0.32938921372017704,0.32428461505283185,-0.06664057148383185,-0.005104598667345195
biogen_mdr1,split2,2182,385,75,1926,1758.0621607821945,0.9210799584631361,0.010999083409715857,0.9995417048579285,1301,819.5885849723934,2030,full_mix,0.35648850310513625,0.3394377092019814,0.3349160729739298,-0.021572430131206466,-0.004521636228051629,0.3846500127610396,0.3147641631974168,0.3669624653599816,-0.01768754740105799,0.052198302162564825
biogen_mdr1,split3,2181,385,76,1932,1775.492388964556,0.9208074534161491,0.00871160018340211,0.9995414947271893,1322,845.288415741947,2028,full_mix,0.34206105021179156,0.330672782200465,0.31530134724632103,-0.026759702965470533,-0.015371434954143948,0.3632516923193671,0.34298554045946017,0.31391371241813726,-0.049337979901229845,-0.02907182804132291
biogen_rlm,split1,2505,442,107,2191,1980.081194583505,0.9183021451392058,0.012375249500998005,0.9992015968063872,1427,834.7145495404421,2336,lora_mix,0.40486045139259125,0.38674219796004805,0.3942054956806043,-0.010654955711986935,0.007463297720556261,0.3761201384646064,0.35098505667565516,0.34535193960436217,-0.030768198860244234,-0.005633117071292992
biogen_rlm,split2,2490,440,124,2181,1971.248898859205,0.9206785878037598,0.010441767068273093,0.9991967871485944,1410,825.5126037592637,2315,lora_mix,0.3793613555516254,0.3704711747312099,0.4007761222979785,0.021414766746353064,0.030304947566768603,0.3914779877768958,0.3744872768136926,0.4026366415978176,0.011158653820921793,0.028149364784124997
biogen_rlm,split3,2508,442,104,2168,1934.8387579634114,0.9142066420664207,0.013157894736842105,0.9996012759170654,1396,804.3198213938849,2328,full_mix,0.39727797576802726,0.3797571685051668,0.3708369930894074,-0.026440982678619884,-0.008920175415759402,0.4358877237313681,0.4049417326255965,0.3805276736174985,-0.055360050113869574,-0.02441405900809801
biogen_rppb,split1,126,22,20,114,107.34963319786362,0.9385964912280702,0.03968253968253968,1.0,104,94.32628446089178,116,lora_mix,0.34215035411944406,0.3072225463548896,0.39748842345932917,0.05533806933988511,0.09026587710443956,0.4532789322082591,0.522136536038664,0.4319495692154892,-0.021329362992769885,-0.09018696682317473
biogen_rppb,split2,126,22,20,111,102.78414805994952,0.918918918918919,0.047619047619047616,1.0,101,89.69816770572882,115,full_mix,0.32816433923518334,0.331664148035992,0.2948424643446863,-0.03332187489049704,-0.03682168369130567,0.5699566099696292,0.5459884570710166,0.5236968427846097,-0.04625976718501945,-0.022291614286406913
biogen_rppb,split3,126,22,20,115,110.71404240539978,0.9217391304347826,0.023809523809523808,1.0,106,99.03480635965015,118,frozen_mix,0.42825170631892695,0.4510089992824861,0.5083121992715299,0.08006049295260298,0.05730319998904382,0.43381924391922144,0.37105350141048427,0.37872479009033944,-0.055094453828882006,0.0076712886798551705
biogen_solubility,split1,1764,311,98,1559,1427.3041400218137,0.9198203976908275,0.011904761904761904,0.9994331065759637,1072,688.0115522162563,1661,full_mix,0.3685497648712554,0.32890222040918704,0.32567128222329067,-0.04287848264796473,-0.0032309381858963704,0.3958338312898901,0.3742355627121647,0.37153964334323314,-0.024294187946656942,-0.002695919368931543
biogen_solubility,split2,1751,309,113,1544,1413.3327516243007,0.9190414507772021,0.012564249000571102,0.9994288977727013,1064,682.9942362700834,1645,full_mix,0.3609163873653209,0.33528903918914404,0.3191539955005431,-0.041762391864777815,-0.01613504368860097,0.3529132222239123,0.3294712839143243,0.3706785538410473,0.017765331617135005,0.04120726992672302
biogen_solubility,split3,1741,307,125,1541,1416.8116691784642,0.9201817001946788,0.01263641585295807,0.9994256174612292,1071,696.9014976780259,1643,lora_mix,0.3405987552124104,0.3099317426192257,0.31392115162282186,-0.02667760358958854,0.003989409003596178,0.4076170384622837,0.40319482320542205,0.3781220606672109,-0.02949497779507282,-0.02507276253821117
expansion_caco2_efflux,split1,1514,308,339,795,444.2292326249191,0.7283018867924528,0.042932628797886396,1.0,367,133.6737171406544,421,full_mix,0.2376786044608065,0.24282487268207467,0.22234701075500587,-0.015331593705800617,-0.020477861927068797,0.2322068959599503,0.2214241109367764,0.22246197957862718,-0.009744916381323132,0.0010378686418507643
expansion_caco2_efflux,split2,1576,325,260,825,459.8659670189156,0.7369696969696969,0.0399746192893401,1.0,364,126.46761382578278,466,full_mix,0.18141385146983366,0.16958110321518685,0.16199768939706774,-0.01941616207276592,-0.007583413818119111,0.2478494967890181,0.24475768625599004,0.24665299015551828,-0.001196506633499822,0.0018953038995282445
expansion_caco2_efflux,split3,1660,293,208,810,415.76002779755817,0.7246913580246913,0.046987951807228916,1.0,362,122.56256762472343,427,lora_mix,0.19214075722860435,0.17967249800106624,0.1901535653737832,-0.0019871918548211576,0.010481067372716951,0.21849738156772486,0.22697826851581632,0.22888672600047733,0.010389344432752468,0.001908457484661008
expansion_caco2_pappa,split1,1612,306,238,797,405.1294742691288,0.7239648682559598,0.04900744416873449,1.0,372,126.41029059909918,442,full_mix,0.2709630698166834,0.2931333751094345,0.26419176693136665,-0.006771302885316743,-0.028941608178067846,0.30187990843370677,0.3334249816508304,0.2977409922335519,-0.004138916200154885,-0.03568398941727852
expansion_caco2_pappa,split2,1651,291,214,854,469.35608594592725,0.724824355971897,0.04482132041187159,1.0,375,130.12367012660823,466,frozen_mix,0.24748367689806955,0.25230275350426,0.2538902410659081,0.006406564167838524,0.00158748756164806,0.29446693254059353,0.2654567864551331,0.2699528260518302,-0.024514106488763343,0.004496039596697088
expansion_caco2_pappa,split3,1652,302,202,824,432.27043071677815,0.7269417475728155,0.04721549636803874,1.0,370,126.9014647735544,424,frozen_mix,0.2616249500412998,0.2788610161514637,0.26940666387358825,0.007781713832288428,-0.009454352277875444,0.3059559949026613,0.29323814482048055,0.3129394790978215,0.006983484195160206,0.019701334277340943
expansion_hlm,split1,2660,492,443,1364,780.2755281045305,0.7052785923753666,0.02030075187969925,1.0,563,184.46758243338328,759,full_mix,0.3228310015450247,0.3192922767339927,0.2983279190692469,-0.024503082475777815,-0.020964357664745803,0.3484439102830147,0.3460986435467392,0.3267202379011458,-0.021723672381868897,-0.0193784056455934
expansion_hlm,split2,2706,480,409,1375,756.4190188731897,0.7061818181818181,0.023651145602365115,1.0,555,176.07519165476887,727,frozen_mix,0.3185424049578108,0.3343629062103421,0.3215477338385957,0.0030053288807849188,-0.012815172371746397,0.34940469065577434,0.3528702326211929,0.34094286118807615,-0.00846182946769819,-0.011927371433116729
expansion_hlm,split3,2693,476,426,1344,710.5754724483406,0.7172619047619048,0.02376531748978834,1.0,536,162.94581533181366,663,full_mix,0.3229868871120386,0.33694536839561445,0.3179769572571992,-0.00500992985483939,-0.018968411138415242,0.39889410853948115,0.4089907079907495,0.3835840087881573,-0.015310099751323858,-0.025406699202592198
expansion_ksol,split1,3838,682,608,1924,1064.4974610923891,0.7104989604989606,0.019020323084940075,1.0,757,235.5253626059343,1009,lora_mix,0.3924780426110893,0.354762294929176,0.3846194768954657,-0.0078585657156236,0.029857181966289725,0.4436038219413967,0.4036572237214136,0.3963300861487138,-0.0472737357926829,-0.007327137572699816
expansion_ksol,split2,3936,696,496,1980,1076.920079679955,0.7166666666666667,0.018546747967479675,1.0,783,230.9911465662394,1002,full_mix,0.38162960322996337,0.3766890051997671,0.3517432362200812,-0.029886367009882175,-0.024945768979685923,0.5537123432486413,0.4622549911061312,0.4501578158531471,-0.10355452739549414,-0.012097175252984094
expansion_ksol,split3,3905,703,520,1960,1061.1010843295503,0.7045918367346938,0.028425096030729832,1.0,751,223.78790474223115,1002,full_mix,0.4113140114494456,0.38247715025828877,0.36102639850619755,-0.05028761294324807,-0.021450751752091213,0.4053003690226209,0.3799903518169392,0.400993502096125,-0.0043068669264959,0.02100315027918581
expansion_logd,split1,3829,676,534,1936,1058.4166929934356,0.7153925619834711,0.018281535648994516,1.0,737,220.41979713882347,938,full_mix,0.2950981225906568,0.2740737016836302,0.24898611192299416,-0.046112010667662656,-0.025087589760636048,0.3003133520764763,0.29806048147021075,0.24831191541606118,-0.052001436660415123,-0.04974856605414957
expansion_logd,split2,3792,677,570,1964,1102.5437105941392,0.7123217922606925,0.025843881856540084,1.0,749,225.5698444279266,978,full_mix,0.332085784163293,0.3282133664395192,0.2892488904957669,-0.04283689366752608,-0.0389644759437523,0.31229162109787,0.3099882339228664,0.28857097014000543,-0.023720650957864575,-0.021417263782860962
expansion_logd,split3,3815,673,551,1901,1028.5073693399393,0.699105733824303,0.028309305373525558,1.0,751,228.89457067531177,951,full_mix,0.3398123778236745,0.351615257449116,0.2866302664542535,-0.053182111369421026,-0.06498499099486249,0.32380260081316076,0.31032791678910354,0.2796354842184622,-0.044167116594698574,-0.03069243257064136
expansion_mbpb,split1,725,128,120,362,205.68300341038227,0.7237569060773481,0.05379310344827586,1.0,189,71.43885416522897,214,full_mix,0.261850401980906,0.25621143770641097,0.2499503315131908,-0.011900070467715185,-0.006261106193220178,0.27961389865336755,0.278688148847856,0.2647599176751324,-0.014853980978235148,-0.01392823117272357
expansion_mbpb,split2,711,149,113,400,262.2774007953664,0.745,0.04781997187060478,1.0,208,85.1426928522691,253,lora_mix,0.22578092238672653,0.19726110482276163,0.21212792396756366,-0.01365299841916287,0.014866819144802035,0.21693522376784838,0.2410096672265424,0.24117337705498137,0.024238153287132996,0.0001637098284389682
expansion_mbpb,split3,677,120,176,379,234.55438943473155,0.7493403693931399,0.05465288035450517,1.0,191,77.6767836471298,238,full_mix,0.2690441002867774,0.2617413930705194,0.24691371874703064,-0.022130381539746752,-0.014827674323488776,0.2632881166908648,0.2451113255599834,0.24478231330411623,-0.018505803386748593,-0.0003290122558671782
expansion_mgmb,split1,174,32,15,92,60.137125772118026,0.717391304347826,0.1206896551724138,1.0,52,20.422547543768314,48,frozen_mix,0.18318200767749596,0.19537291392691852,0.194939799370896,0.01175779169340005,-0.000433114556022518,0.25046399073416287,0.2508659650700473,0.24923754163222683,-0.0012264491019360335,-0.001628423437820492
expansion_mgmb,split2,154,45,22,81,47.642629759857606,0.7654320987654321,0.13636363636363635,1.0,38,12.496894901687272,33,full_mix,0.26418089719351345,0.25970339691133004,0.23239404765355612,-0.031786849539957335,-0.027309349257773924,0.2998521386183809,0.2963972784951473,0.2508898080294587,-0.04896233058892219,-0.04550747046568859
expansion_mgmb,split3,110,67,44,67,49.13640768827949,0.7611940298507462,0.09090909090909091,1.0,35,17.249848885739027,28,full_mix,0.21929916732333807,0.25467631491429316,0.2064427813260764,-0.01285638599726166,-0.04823353358821675,0.319954705824073,0.3228036508426244,0.2739918401030312,-0.0459628657210418,-0.04881181073959323
expansion_mlm,split1,3193,565,617,1571,794.064028251473,0.7224697644812221,0.03476354525524585,1.0,624,180.59970265732284,770,full_mix,0.3567071850221833,0.3862625521430006,0.3425349516099719,-0.01417223341221141,-0.04372760053302871,0.37449968812270085,0.40106134528897963,0.3739279712005093,-0.0005717169221915452,-0.02713337408847033
expansion_mlm,split2,3265,582,528,1625,879.4953570354664,0.7003076923076923,0.021745788667687595,1.0,649,202.68880911505053,857,full_mix,0.3565323194525123,0.34510890036688896,0.33017571171752624,-0.02635660773498605,-0.014933188649362716,0.34841232868521904,0.3308162351622098,0.3110102662595489,-0.037402062425670124,-0.019805968902660898
expansion_mlm,split3,3162,558,655,1617,898.7580690548517,0.7111935683364254,0.022770398481973434,1.0,648,199.37752590403878,838,full_mix,0.401451354771488,0.4189269407231927,0.3693676590026601,-0.03208369576882791,-0.04955928172053259,0.33916575757264744,0.35875272725487867,0.3345059876014022,-0.004659769971245231,-0.024246739653476457
expansion_mppb,split1,985,174,133,497,280.7974961437349,0.738430583501006,0.04263959390862944,1.0,258,95.85682817803456,301,lora_mix,0.24999942002362052,0.24897336383436416,0.25328488656166437,0.0032854665380438464,0.004311522727300204,0.29583901352020076,0.2740825781829364,0.2775911205420906,-0.018247892978110136,0.0035085423591542098
expansion_mppb,split2,972,173,147,491,278.53626759805053,0.7209775967413442,0.05246913580246913,1.0,244,97.24574423627519,336,full_mix,0.24412362915962352,0.24008435947137188,0.22605974035476617,-0.018063888804857348,-0.014024619116605713,0.22699685583612342,0.24437165438731895,0.2082704212121611,-0.018726434623962313,-0.03610123317515784
expansion_mppb,split3,957,189,146,495,287.85375257166965,0.7434343434343434,0.042842215256008356,1.0,261,96.30903166607389,312,lora_mix,0.26376491465094254,0.24607377984852366,0.24851360876257816,-0.015251305888364375,0.0024398289140545038,0.27361480505282487,0.24943654030355414,0.24703034194768964,-0.026584463105135236,-0.002406198355864503
pxr,split1,3318,585,237,2967,2420.5073491581147,0.9639366363329963,0.035864978902953586,0.9930681133212779,2237,1368.8259845608493,3266,lora_mix,0.5455129581353604,0.5203589370108058,0.525114147284092,-0.02039881085126838,0.004755210273286181,0.5336369509636602,0.5157414151847615,0.5363838765188611,0.002746925555200952,0.020642461334099638
pxr,split2,3328,587,225,2981,2417.7970015380706,0.9654478362965447,0.036959134615384616,0.9921875,2231,1353.3779551728385,3278,lora_mix,0.48832304478503985,0.48053209179710893,0.48588022686959936,-0.002442817915440487,0.005348135072490434,0.5026403775109185,0.4823105095757379,0.4843791253407796,-0.01826125217013891,0.0020686157650416925
pxr,split3,3325,587,228,2963,2418.85207699542,0.9608504893688828,0.035789473684210524,0.9939849624060151,2219,1338.8143655287058,3277,lora_mix,0.4864250101831946,0.46292060525494494,0.4785936565496649,-0.007831353633529714,0.015673051294719964,0.48671302661561133,0.4495543197581642,0.4593073517816108,-0.027405674834000526,0.009753032023446628
