endpoint,mean_train_rows,mean_validation_rows,mean_test_rows,mean_unique_bemis_murcko,mean_bemis_murcko_effective_shannon,mean_bemis_murcko_singleton_fraction,mean_bemis_murcko_largest_fraction,mean_bemis_murcko_nonempty_fraction,mean_unique_generic_scaffolds,mean_generic_effective_shannon,mean_unique_train_clusters,mean_frozen_validation_mae,mean_lora_validation_mae,mean_full_validation_mae,mean_full_minus_frozen_validation_mae,mean_full_minus_lora_validation_mae,mean_frozen_test_mae,mean_lora_test_mae,mean_full_test_mae,mean_full_minus_frozen_test_mae,mean_full_minus_lora_test_mae,mean_log1p_train_rows,mean_log1p_unique_bemis_murcko,size_adjusted_scaffold_richness
asap_hlm,227.33333333333334,45.666666666666664,26.0,130.66666666666666,85.82542461041938,0.759950248756219,0.07469129682419787,1.0,91.33333333333333,49.417985427423844,85.66666666666667,0.3346163869414311,0.3528945339497375,0.32659735795378764,-0.008019028987643414,-0.026297175995949867,0.3081281061929475,0.3298516844109949,0.3547830398965573,0.04665493370360987,0.024931355485562506,5.430806549594116,4.880273476233012,-0.10473328381798641
asap_ksol,265.6666666666667,49.333333333333336,50.0,161.33333333333334,116.21024449118038,0.7600631617095078,0.05641364096272642,1.0,116.33333333333333,72.23793913746273,115.0,0.3783126590153692,0.36153290535462396,0.3790609516540811,0.000748292638711956,0.017528046299457145,0.3305562340804426,0.33437967074669733,0.31485952673219836,-0.015696707348244243,-0.019520144014499013,5.585999438999818,5.0896518344144805,-0.048552710467683724
asap_logd,241.33333333333334,49.666666666666664,61.0,140.33333333333334,98.46808358623191,0.7310860608565303,0.07319633186558244,1.0,93.66666666666667,56.96317175509631,95.33333333333333,0.42779955610393455,0.4768441036777697,0.4781122686392192,0.0503127125352846,0.00126816496144951,0.45722961319035105,0.4537624833443948,0.4714980384860095,0.014268425295658508,0.017735555141614734,5.49031418886541,4.951121166563848,-0.09262822371850365
asap_mdr1,308.3333333333333,58.333333333333336,57.333333333333336,181.33333333333334,121.70421592090457,0.7757603935153458,0.05730463777740882,1.0,122.66666666666667,69.30042901513558,125.0,0.29736873549252424,0.2946878360905165,0.2908751024197009,-0.006493633072823302,-0.003812733670815647,0.346156749549782,0.3332412286156811,0.32345270832995926,-0.022704041219822817,-0.009788520285721913,5.734419444118091,5.205836513753871,-0.07888000146289631
asap_mers,657.0,138.33333333333334,105.66666666666667,352.3333333333333,200.00874926612323,0.7583621096985661,0.06399064753858626,1.0,234.33333333333334,118.416715819311,197.33333333333334,0.4462712877768969,0.43628922616670734,0.41991982732367966,-0.026351460453217252,-0.016369398843027683,0.6088470871325291,0.5758404609419824,0.5569048724301217,-0.0519422147024074,-0.01893558851186063,6.489204931325317,5.867411898438003,-0.16238685028611144
asap_mlm,199.66666666666666,39.333333333333336,61.0,122.33333333333333,84.67898011391513,0.77389486260454,0.08853000086237821,1.0,82.33333333333333,46.69089706201657,75.33333333333333,0.3406100257713498,0.46005379375016114,0.40021735655161367,0.05960733078026389,-0.059836437198547456,0.43310116007218213,0.4769449654636575,0.491328038734875,0.05822687866269283,0.014383073271217461,5.301645156640712,4.814890716970161,-0.042615103044584934
asap_sars,632.3333333333334,131.33333333333334,78.33333333333333,340.3333333333333,189.01575539514715,0.7688420207113004,0.0726218386458683,1.0,220.0,109.42950015528328,175.66666666666666,0.514313794541633,0.5303008076249343,0.48127283537899873,-0.0330409591626343,-0.049027972245935546,0.610631174778847,0.630691224193176,0.6174334515493273,0.006802276770480287,-0.013257772643848606,6.450996876486422,5.832859516931343,-0.15922236611392737
biogen_hlm,2552.0,450.3333333333333,84.66666666666667,2230.3333333333335,2008.911058989316,0.9194454991902608,0.012410456098843323,0.9992162854889589,1446.0,840.7274323843054,2371.6666666666665,0.32852401291632005,0.31524407991415987,0.3156493678425823,-0.012874645073737756,0.0004052879284223894,0.32712858611440987,0.3334996933786649,0.32730746806259425,0.00017888194818438397,-0.006192225316070628,7.845024417241484,7.710354593103163,0.3421662914253769
biogen_hppb,146.33333333333334,25.666666666666668,22.0,134.33333333333334,129.38135811182767,0.9305325225723236,0.020503922289636572,1.0,120.0,109.61521031203002,132.33333333333334,0.3546729842885368,0.36082002378786965,0.35717380672328947,0.002500822434752692,-0.0036462170645801075,0.476300947666525,0.45030679733456513,0.468815638473143,-0.007485309193381973,0.01850884113857787,4.992697593409589,4.907740870933623,0.3552108941887653
biogen_mdr1,2181.0,385.0,76.0,1933.3333333333333,1772.71195254695,0.9224073727891472,0.009781237038684583,0.9995414946629292,1322.3333333333333,842.9909925394492,2029.3333333333333,0.34242536188674144,0.33244112375623397,0.3195077692048665,-0.022917592681874932,-0.012933354551367479,0.3796089638723568,0.32904630579235133,0.3350535976103169,-0.044555366262039896,0.0060072918179655726,7.687997166393016,7.567518015522499,0.3543382782205313
biogen_rlm,2501.0,441.3333333333333,111.66666666666667,2180.0,1962.0562838020403,0.9177291250031288,0.011991637102037734,0.9993332199573489,1411.0,821.5156582311969,2326.3333333333335,0.39383326090408133,0.3789901803988083,0.3886062036893301,-0.005227057214751252,0.009616023290521821,0.4011619499909567,0.3768046887049814,0.3761720849398928,-0.024989865051064004,-0.0006326037650886684,7.824845691026856,7.687538766201629,0.33926978021307086
biogen_rppb,126.0,22.0,20.0,113.33333333333333,106.94927455440431,0.9264181801939239,0.037037037037037035,1.0,103.66666666666667,94.35308617542358,116.33333333333333,0.36618879989118475,0.36329856455778925,0.4002143623585151,0.03402556246733035,0.0369157978007259,0.48568492869903657,0.479726164840055,0.4447904006968128,-0.04089452800222378,-0.034935764143242155,4.844187086458591,4.73911815849783,0.3331894904609367
biogen_solubility,1752.0,309.0,112.0,1548.0,1419.1495202748595,0.9196811828875694,0.012368475586097027,0.9994292072699648,1069.0,689.3024287214552,1649.6666666666667,0.3566883024829956,0.3247076674058522,0.31958214311555183,-0.03710615936744369,-0.005125524290300387,0.38545469732536203,0.36896722327730364,0.3734467526171638,-0.012007944708198251,0.004479529339860104,7.469083884921234,7.3453648404168685,0.34828411332100995
expansion_caco2_efflux,1583.3333333333333,308.6666666666667,269.0,810.0,439.95174248046436,0.7299876472622803,0.04329839996481847,1.0,364.3333333333333,127.56796619705354,438.0,0.20374440438641483,0.1973594912994426,0.19149942184195226,-0.012244982544462565,-0.005860069457490319,0.2328512581055644,0.23105335523619427,0.23266723191154093,-0.00018402619402349552,0.0016138766753466722,7.3679189879459,6.698268054115413,-0.19894831593004536
expansion_caco2_pappa,1638.3333333333333,299.6666666666667,218.0,825.0,435.5853303106114,0.7252436572668909,0.04701475364954827,1.0,372.3333333333333,127.81180849975392,444.0,0.2600238989186842,0.27476571492171936,0.2624962239569543,0.00247232503827007,-0.012269490964765076,0.3007676119589872,0.2973733043088147,0.2935444324610679,-0.007223179497919341,-0.0038288718477468286,7.402044934108028,6.716594773520978,-0.21430883166344827
expansion_hlm,2686.3333333333335,482.6666666666667,426.0,1361.0,749.0900064753536,0.7095741051063631,0.022572404990617568,1.0,551.3333333333334,174.49619647332193,716.3333333333334,0.321453431204958,0.33020018377998306,0.31261753672168063,-0.008835894483277429,-0.01758264705830248,0.36558090315942343,0.3693198613862272,0.3504157026257931,-0.015165200533630315,-0.01890415876043411,7.8963046550090015,7.216709486709457,-0.20209981224264428
expansion_ksol,3893.0,693.6666666666666,541.3333333333334,1954.6666666666667,1067.506208367298,0.7105858213001071,0.02199738902771653,1.0,763.6666666666666,230.10147130480163,1004.3333333333334,0.3951405524301661,0.37130948346241066,0.3657963705405815,-0.029344181889584615,-0.005513112921829137,0.46753884473755297,0.4153008555481614,0.4158271346993287,-0.051711710038224314,0.0005262791511673007,8.267192185932146,7.57848642025775,-0.20644241146747078
expansion_logd,3812.0,675.3333333333334,551.6666666666666,1933.6666666666667,1063.1559243091713,0.7089400293561555,0.02414490762635339,1.0,745.6666666666666,224.9614040806873,955.6666666666666,0.3223320948592081,0.3179674418574218,0.2749550896243382,-0.04737700523486992,-0.04301235223308361,0.3121358579958357,0.3061255440607269,0.2721727899248429,-0.03996306807099276,-0.033952754135883965,8.246171559857563,7.567690325335969,-0.1964881140051542
expansion_mbpb,704.3333333333334,132.33333333333334,136.33333333333334,380.3333333333333,234.17159788016008,0.7393657584901626,0.0520886518911286,1.0,196.0,78.08611022154263,235.0,0.25222514155146997,0.23840464519989735,0.23633065807592835,-0.015894483475541604,-0.0020739871239689733,0.2532790797040269,0.2549363805447939,0.25023853601141005,-0.003040543692616915,-0.004697844533383927,6.55867050431008,5.943673883271633,-0.15469741374413193
expansion_mgmb,146.0,48.0,27.0,80.0,52.305387740085045,0.7480058109880016,0.11598746081504703,1.0,41.666666666666664,16.723097110398204,36.333333333333336,0.22222069073144915,0.23658420858418058,0.21125887611684283,-0.010961814614606316,-0.02532533246733773,0.29009027839220564,0.29002229813593966,0.25803972992157226,-0.03205054847063334,-0.031982568214367436,4.990432586778736,4.394449154672439,-0.15584493356100992
expansion_mlm,3206.6666666666665,568.3333333333334,600.0,1604.3333333333333,857.4391514472637,0.71132367504178,0.026426577468302292,1.0,640.3333333333334,194.22201255880404,821.6666666666666,0.3715636197487278,0.3834327977443608,0.3473594407767194,-0.024204178972008456,-0.036073356967641336,0.35402592479352246,0.3635434359020227,0.3398147416871535,-0.014211183106368966,-0.023728694214869228,8.073299056688292,7.381086698320547,-0.21244162525065846
expansion_mppb,971.3333333333334,178.66666666666666,142.0,494.3333333333333,282.39583877115166,0.7342808412255645,0.045983648322368974,1.0,254.33333333333334,96.47053469346122,316.3333333333333,0.2526293212780622,0.24504383438475322,0.24261941189300287,-0.010009909385059293,-0.002424422491750335,0.265483558136383,0.25596359095793647,0.24429729456731378,-0.02118626356906923,-0.011666296390622713,6.879698681199612,6.205230936609595,-0.21004151326309195
pxr,3323.6666666666665,586.3333333333334,230.0,2970.3333333333335,2419.0521425638685,0.9634116539994747,0.03620452906751624,0.9930801919090976,2229.0,1353.6727684207979,3273.6666666666665,0.5067536710345316,0.4879372113542866,0.4965293435677854,-0.010224327466746194,0.00859213221349886,0.5076634516967301,0.4825354148395545,0.49335678454708387,-0.01430666714964616,0.010821369707529319,8.109124697437958,7.996766064838392,0.3678726622096118
