endpoint,family,chemrasayan_full_mix_mean_mae,chemprop_dmpnn_mean_mae,paired_difference_chemrasayan_minus_chemprop,point_estimate_winner
asap_hlm,ASAP,0.3547830398965573,0.43893396615472086,-0.08415092625816356,ChemRasayan
asap_ksol,ASAP,0.31485952673219836,0.4416527008349194,-0.12679317410272106,ChemRasayan
asap_logd,ASAP,0.4714980384860095,0.8320385564385194,-0.3605405179525099,ChemRasayan
asap_mdr1,ASAP,0.32345270832995926,0.4360271917602982,-0.11257448343033893,ChemRasayan
asap_mers,ASAP,0.5569048724301217,0.6316560917695472,-0.07475121933942552,ChemRasayan
asap_mlm,ASAP,0.491328038734875,0.5061993612362324,-0.01487132250135742,ChemRasayan
asap_sars,ASAP,0.6174334515493273,0.6353868454439447,-0.017953393894617475,ChemRasayan
biogen_hlm,Biogen ADME,0.32730746806259425,0.33816214338594014,-0.010854675323345886,ChemRasayan
biogen_hppb,Biogen ADME,0.468815638473143,0.6138152919419048,-0.14499965346876176,ChemRasayan
biogen_mdr1,Biogen ADME,0.3350535976103169,0.36359012839128885,-0.028536530780971958,ChemRasayan
biogen_rlm,Biogen ADME,0.3761720849398928,0.41359946739667636,-0.037427382456783564,ChemRasayan
biogen_rppb,Biogen ADME,0.4447904006968128,0.5113186196466667,-0.06652821894985389,ChemRasayan
biogen_solubility,Biogen ADME,0.3734467526171638,0.3527576245148163,0.02068912810234752,Chemprop
expansion_caco2_efflux,ExpansionRx,0.23266723191154093,0.24581207851891865,-0.01314484660737772,ChemRasayan
expansion_caco2_pappa,ExpansionRx,0.2935444324610679,0.41285718695952417,-0.1193127544984563,ChemRasayan
expansion_hlm,ExpansionRx,0.3504157026257931,0.37200195080788007,-0.021586248182086987,ChemRasayan
expansion_ksol,ExpansionRx,0.4158271346993287,0.4260946310526477,-0.010267496353319028,ChemRasayan
expansion_logd,ExpansionRx,0.2721727899248429,0.2770258394304848,-0.004853049505641915,ChemRasayan
expansion_mbpb,ExpansionRx,0.25023853601141005,0.3019096899183968,-0.05167115390698673,ChemRasayan
expansion_mgmb,ExpansionRx,0.25803972992157226,0.3998210925699681,-0.14178136264839586,ChemRasayan
expansion_mlm,ExpansionRx,0.3398147416871535,0.3502747122171186,-0.010459970529965112,ChemRasayan
expansion_mppb,ExpansionRx,0.24429729456731378,0.28852001988454135,-0.04422272531722757,ChemRasayan
pxr,PXR,0.49335678454708387,0.5201121253040196,-0.026755340756935753,ChemRasayan
