endpoint,mlm_frozen_mean_mae,rtd_frozen_mean_mae,frozen_mlm_minus_rtd,mlm_full_mean_mae,rtd_full_mean_mae,full_mlm_minus_rtd,full_minus_frozen_interaction
expansion_caco2_pappa,0.3529461355904117,0.3478215599969075,0.00512457559350421,0.3184978184297638,0.32741748643346497,-0.008919668003701142,-0.014044243597205353
expansion_caco2_efflux,0.2585785872970058,0.24290875784333532,0.01566982945367046,0.2388868142224658,0.23657285730353492,0.0023139569189308817,-0.013355872534739577
expansion_logd,0.4190821534919913,0.4150488782324722,0.004033275259519076,0.34441742228927213,0.3213994375244405,0.023017984764831634,0.018984709505312558
expansion_ksol,0.5122890572361117,0.5054227059373808,0.006866351298730922,0.46760509097570524,0.4557193680357474,0.011885722939957821,0.0050193716412269
expansion_hlm,0.39840670815616713,0.3937654874267553,0.00464122072941181,0.3707118898878307,0.3846373307653157,-0.013925440877484985,-0.018566661606896795
expansion_mlm,0.38091722541724565,0.3813153835526561,-0.0003981581354104424,0.3665695398907764,0.36349156722506804,0.0030779726657083617,0.003476130801118804
expansion_mbpb,0.2975064835080932,0.27688971486604314,0.020616768642050087,0.27797546934164635,0.27378938821228443,0.004186081129361918,-0.01643068751268817
expansion_mgmb,0.24652562509128698,0.2472886317303523,-0.0007630066390653112,0.22160183112439022,0.2536870609921868,-0.03208522986779658,-0.031322223228731266
expansion_mppb,0.29978599647169996,0.31666482976780225,-0.01687883329610229,0.299365930283711,0.3179479880917889,-0.018582057808077923,-0.0017032245119756317
asap_mers,0.6009271053434074,0.5969631708673564,0.003963934476051034,0.5648169265399047,0.5784403287528773,-0.013623402212972646,-0.01758733668902368
asap_sars,0.7111610875312556,0.6377569095652084,0.07340417796604726,0.6467627791165631,0.6373302491566947,0.00943252995986843,-0.06397164800617883
asap_logd,0.6662275956924498,0.5890085194156848,0.07721907627676505,0.5977265425809279,0.5417780390164731,0.0559485035644548,-0.021270572712310254
asap_ksol,0.4150213168527155,0.38860534146660414,0.026415975386111346,0.347737635612021,0.34157563842802596,0.006161997183995016,-0.02025397820211633
asap_hlm,0.33829617257014083,0.3748725348852702,-0.036576362315129396,0.3308954988383575,0.40881562898897833,-0.07792013015062083,-0.04134376783549143
asap_mlm,0.43234340186882775,0.4439115395050342,-0.011568137636206455,0.4417275499011881,0.4965969880921674,-0.05486943819097928,-0.043301300554772826
asap_mdr1,0.39052760328315994,0.3698221872706857,0.02070541601247422,0.39907160312295836,0.39273302969306007,0.006338573429898298,-0.014366842582575923
pxr,0.5842583075417812,0.5463884533671037,0.037869854174677475,0.5324508099860965,0.51222877117312,0.02022203881297646,-0.017647815361701014
biogen_solubility,0.414789972107251,0.34634799850511816,0.06844197360213283,0.3735038088965286,0.3648092776252653,0.008694531271263295,-0.05974744233086954
biogen_hlm,0.3811772505079804,0.36502918333911033,0.016148067168870073,0.3351966116619322,0.3424441135022697,-0.007247501840337511,-0.023395569009207584
biogen_rlm,0.4310266164045744,0.4216073722591012,0.009419244145473182,0.40891911443419326,0.3925447342724695,0.016374380161723767,0.006955136016250585
biogen_hppb,0.4477711501353892,0.4557741671572408,-0.008003017021851577,0.46756344438751185,0.4769153286111482,-0.009351884223636364,-0.001348867201784787
biogen_rppb,0.49334251632218945,0.5419047120928663,-0.04856219577067683,0.4830834422682468,0.4669985482291759,0.016084894039070874,0.0646470898097477
biogen_mdr1,0.4294602547823967,0.4169799240930587,0.012480330689338015,0.3681864932853034,0.32026208847439025,0.047924404810913146,0.03544407412157513
