assay_index,assay_id,observed_count,positive_count,negative_count,missing_count,label_density,positive_prevalence,is_constant_label,constant_label_value
0,586269,13334,13334,0,498564,0.026048158031482836,1.0,True,positive
1,600885,3862,3862,0,508036,0.007544471750231491,1.0,True,positive
2,600886,4209,4209,0,507689,0.008222341169529867,1.0,True,positive
3,669088,965,121,844,510933,0.0018851411804695468,0.12538860103626942,False,
4,688111,3085,4,3081,508813,0.006026591234972592,0.0012965964343598054,False,
5,688112,1348,1304,44,510550,0.002633337110127408,0.9673590504451038,False,
6,688113,692,646,46,511206,0.001351831810243447,0.9335260115606936,False,
7,688125,512,510,2,511386,0.0010001992584460185,0.99609375,False,
8,688128,25232,11653,13579,486666,0.04929106970529285,0.46183417882054534,False,
9,688131,1678,1078,600,510220,0.0032779967884226935,0.6424314660309892,False,
10,688133,4603,96,4507,507295,0.008992025755130905,0.02085596350206387,False,
11,688141,19660,10814,8846,492238,0.03840608871298579,0.5500508646998983,False,
12,688142,661,135,526,511237,0.001291272870767223,0.2042360060514372,False,
13,688150,1996,1996,0,509902,0.0038992142965981504,1.0,True,positive
14,688155,8651,865,7786,503247,0.01689985114221974,0.09998844064270027,False,
15,688157,25231,3001,22230,486667,0.0492891161911162,0.11894098529586619,False,
16,688161,2739,1338,1401,509159,0.005350675329850869,0.488499452354874,False,
17,688170,26604,809,25795,485294,0.05197129115565992,0.030408961058487446,False,
18,688171,8914,3664,5250,502984,0.017413625370679316,0.4110388153466457,False,
19,688173,873,360,513,511025,0.0017054178762175277,0.41237113402061853,False,
20,688181,3978,3935,43,507920,0.0077710793947231675,0.9891905480140775,False,
21,688186,1256,1256,0,510642,0.0024536138058753893,1.0,True,positive
22,688191,1202,1202,0,510696,0.0023481240403361607,1.0,True,positive
23,688233,3664,991,2673,508234,0.00715767594325432,0.2704694323144105,False,
24,688236,749,729,20,511149,0.0014631821183126326,0.9732977303070761,False,
25,688238,49560,17085,32475,462338,0.09681616259489195,0.34473365617433416,False,
26,688239,37835,35683,2152,474063,0.07391120887364279,0.9431214483943439,False,
27,688258,3267,945,2322,508631,0.006382130815123325,0.2892561983471074,False,
28,688261,860,853,7,511038,0.0016800221919210467,0.9918604651162791,False,
29,688266,1081,853,228,510817,0.0021117488249612227,0.7890841813135985,False,
30,688267,46407,18481,27926,465491,0.09065673239590699,0.39823733488482344,False,
31,688276,856,856,0,511042,0.0016722081352144372,1.0,True,positive
32,688277,2153,569,1584,509745,0.004205916022332574,0.2642823966558291,False,
33,688282,1636,1195,441,510262,0.0031959491930032935,0.730440097799511,False,
34,688284,780,780,0,511118,0.0015237410577888563,1.0,True,positive
35,688288,837,818,19,511061,0.001635091365858042,0.977299880525687,False,
36,688289,2063,2063,0,509835,0.00403009974643386,1.0,True,positive
37,688293,3924,1244,2680,507974,0.007665589629183939,0.31702344546381245,False,
38,688303,1213,835,378,510685,0.002369612696279337,0.6883759274525969,False,
39,688309,648,645,3,511250,0.0012658771864707422,0.9953703703703703,False,
40,688317,15871,3186,12685,496027,0.031004223497649922,0.20074349442379183,False,
41,688323,2929,776,2153,508969,0.005721843023414821,0.26493683851143734,False,
42,688326,1683,1683,0,510215,0.0032877643593059555,1.0,True,positive
43,688335,4116,2868,1248,507782,0.008040664351101196,0.6967930029154519,False,
44,688340,10132,2527,7605,501766,0.019793005637841914,0.24940781681800236,False,
45,688341,5794,2614,3180,506104,0.01131866113952389,0.45115636865723163,False,
46,688349,4947,93,4854,506951,0.009664034631899323,0.01879927228623408,False,
47,688360,13601,11614,1987,498297,0.02656974631664902,0.8539078008969929,False,
48,688382,13185,774,12411,498713,0.02575708441916163,0.05870307167235495,False,
49,688386,3681,1033,2648,508217,0.0071908856842574104,0.2806302635153491,False,
50,688388,1204,0,1204,510694,0.0023520310686894657,0.0,True,negative
51,688407,4400,1599,2801,507498,0.008595462377270472,0.3634090909090909,False,
52,688409,3624,443,3181,508274,0.007079535376188225,0.12224061810154525,False,
53,688416,2135,2108,27,509763,0.0041707527671528315,0.9873536299765808,False,
54,688422,15211,8258,6953,496687,0.029714904141059352,0.5428965879955295,False,
55,688432,867,251,616,511031,0.0016936967911576133,0.2895040369088812,False,
56,688444,1112,1112,0,510786,0.0021723077644374466,1.0,True,positive
57,688453,3216,1824,1392,508682,0.006282501592114054,0.5671641791044776,False,
58,688469,1219,1192,27,510679,0.0023813337813392513,0.977850697292863,False,
59,688470,883,826,57,511015,0.0017249530179840515,0.9354473386183465,False,
60,688489,9156,5193,3963,502742,0.01788637580142919,0.5671690694626474,False,
61,688493,22958,4285,18673,488940,0.04484877846758534,0.1866451781514069,False,
62,688497,9877,5400,4477,502021,0.019294859522795558,0.5467247139819783,False,
63,688498,979,739,240,510919,0.00191249037894268,0.7548518896833504,False,
64,688523,1137,1137,0,510761,0.002221145618853756,1.0,True,positive
65,688524,4160,235,3925,507738,0.0081266189748739,0.056490384615384616,False,
66,688537,2788,2786,2,509110,0.005446397524506835,0.9992826398852224,False,
67,688546,5861,2766,3095,506037,0.011449546589359599,0.47193311721549225,False,
68,688549,3412,1531,1881,508486,0.006665390370737921,0.44871043376318875,False,
69,688550,5351,245,5106,506547,0.010453254359266886,0.04578583442347225,False,
70,688558,827,823,4,511071,0.0016155562240915183,0.9951632406287787,False,
71,688571,12610,6413,6197,499288,0.024633813767586513,0.5085646312450436,False,
72,688585,3544,3315,229,508354,0.006923254242056034,0.9353837471783296,False,
73,688596,594,33,561,511304,0.0011603874209315137,0.05555555555555555,False,
74,688597,2864,2862,2,509034,0.005594864601932416,0.9993016759776536,False,
75,688600,1489,922,567,510409,0.0029087826090353937,0.6192075218267293,False,
76,688609,4592,1379,3213,507306,0.008970537099187728,0.3003048780487805,False,
77,688612,18059,6965,11094,493839,0.03527851251616533,0.3856802702253724,False,
78,688613,845,845,0,511053,0.001650719479271261,1.0,True,positive
79,688620,29396,21316,8080,482502,0.057425502736873364,0.7251326711117159,False,
80,688623,1169,1145,24,510729,0.0022836580725066323,0.979469632164243,False,
81,688633,753,753,0,511145,0.0014709961750192422,1.0,True,positive
82,688636,7201,1656,5545,504697,0.014067255586073787,0.22996805999166783,False,
83,688644,1356,1342,14,510542,0.002648965223540627,0.9896755162241888,False,
84,688648,786,733,53,511112,0.0015354621428487706,0.9325699745547074,False,
85,688653,11728,11726,2,500170,0.02291081426377911,0.9998294679399727,False,
86,688660,2160,1053,1107,509738,0.00421959062156914,0.4875,False,
87,688662,759,703,56,511139,0.0014827172600791565,0.9262187088274044,False,
88,688665,836,234,602,511062,0.0016331378516813897,0.2799043062200957,False,
89,688671,24529,1087,23442,487369,0.04791774923910623,0.04431489257613437,False,
90,688673,2881,2139,742,509017,0.005628074342935507,0.7424505380076363,False,
91,688677,1900,153,1747,509998,0.003711676935639522,0.08052631578947368,False,
92,688687,6103,2758,3345,505795,0.011922297020109475,0.4519088972636408,False,
93,688693,1534,1122,412,510364,0.0029966907469847507,0.7314211212516297,False,
94,688697,1881,1881,0,510017,0.003674560166283127,1.0,True,positive
95,688710,1022,12,1010,510876,0.0019964914885387324,0.011741682974559686,False,
96,688721,6338,2142,4196,505560,0.012381372851622784,0.33796150205112024,False,
97,688724,9311,1486,7825,502587,0.01818917049881031,0.1595961765653528,False,
98,688730,1304,1304,0,510594,0.0025473824863547034,1.0,True,positive
99,688739,18631,11221,7410,493267,0.03639592262521049,0.6022757769309216,False,
100,688741,504,214,290,511394,0.0009845711450327994,0.4246031746031746,False,
101,688746,3986,1275,2711,507912,0.007786707508136387,0.31986954340190665,False,
102,688750,1113,61,1052,510785,0.002174261278614099,0.05480682839173405,False,
103,688759,22618,12501,10117,489280,0.04418458364752353,0.5527013882748254,False,
104,688762,1275,1275,0,510623,0.0024907305752317845,1.0,True,positive
105,688770,573,569,4,511325,0.0011193636232218137,0.9930191972076788,False,
106,688776,516,483,33,511382,0.001008013315152628,0.936046511627907,False,
107,688778,1644,1592,52,510254,0.0032115773064165126,0.9683698296836983,False,
108,688779,5656,3430,2226,506242,0.011049076183145861,0.6064356435643564,False,
109,688791,20851,5003,15848,491047,0.04073272409737878,0.2399405304301952,False,
110,688798,3118,1817,1301,508780,0.006091057202802121,0.5827453495830661,False,
111,688801,544,218,326,511354,0.0010627117120988946,0.4007352941176471,False,
112,688810,26199,497,25702,485699,0.051180117914115704,0.018970189701897018,False,
113,688812,16226,13703,2523,495672,0.03169772103036152,0.8445088130161469,False,
114,688816,27227,8281,18946,484671,0.05318833048771435,0.3041466191647996,False,
115,688838,630,630,0,511268,0.0012307139312909994,1.0,True,positive
116,688845,684,684,0,511214,0.0013362036968302279,1.0,True,positive
117,688849,585,561,24,511313,0.0011428057933416424,0.958974358974359,False,
118,688854,1433,1433,0,510465,0.0027993858151428605,1.0,True,positive
119,688855,1248,1234,14,510650,0.0024379856924621702,0.9887820512820513,False,
120,688861,3145,1095,2050,508753,0.006143802085571735,0.3481717011128776,False,
121,688867,1706,1684,22,510192,0.0033326951853689603,0.9871043376318874,False,
122,688877,670,460,210,511228,0.0013088544983570947,0.6865671641791045,False,
123,688889,7337,2335,5002,504561,0.014332933514098511,0.31824996592612786,False,
124,736845,743,743,0,511155,0.0014514610332527183,1.0,True,positive
125,736947,23929,15370,8559,487969,0.0467456407331148,0.6423168540264951,False,
126,736962,667,289,378,511231,0.0013029939558271374,0.4332833583208396,False,
127,736963,3475,521,2954,508423,0.00678846176386702,0.14992805755395683,False,
128,736971,694,659,35,511204,0.0013557388385967517,0.9495677233429395,False,
129,736978,548,548,0,511350,0.0010705257688055042,1.0,True,positive
130,736982,627,142,485,511271,0.0012248533887610422,0.22647527910685805,False,
131,736993,683,683,0,511215,0.0013342501826535756,1.0,True,positive
132,737014,667,19,648,511231,0.0013029939558271374,0.02848575712143928,False,
133,737022,667,234,433,511231,0.0013029939558271374,0.35082458770614694,False,
134,737042,7571,7571,0,504327,0.014790055831435169,1.0,True,positive
135,737047,583,479,104,511315,0.0011388987649883376,0.8216123499142367,False,
136,737053,2123,1260,863,509775,0.0041473105970330024,0.5934997644842205,False,
137,737087,540,432,108,511358,0.001054897655392285,0.8,False,
138,737091,792,792,0,511106,0.001547183227908685,1.0,True,positive
139,737098,538,423,115,511360,0.0010509906270389803,0.7862453531598513,False,
140,737112,678,654,24,511220,0.0013244826117703135,0.9646017699115044,False,
141,737121,614,239,375,511284,0.0011994577044645612,0.38925081433224756,False,
142,737123,792,792,0,511106,0.001547183227908685,1.0,True,positive
143,737148,667,490,177,511231,0.0013029939558271374,0.7346326836581709,False,
144,737187,22043,16583,5460,489855,0.04306131299594841,0.7523023181962528,False,
145,737188,779,779,0,511119,0.001521787543612204,1.0,True,positive
146,737189,2120,2119,1,509778,0.004141450054503046,0.9995283018867924,False,
147,737190,594,594,0,511304,0.0011603874209315137,1.0,True,positive
148,737212,540,169,371,511358,0.001054897655392285,0.31296296296296294,False,
149,737257,7266,7266,0,504632,0.014194234007556194,1.0,True,positive
150,737262,1134,317,817,510764,0.002215285076323799,0.2795414462081129,False,
151,737266,577,482,95,511321,0.0011271776799284233,0.8353552859618717,False,
152,737273,614,83,531,511284,0.0011994577044645612,0.13517915309446255,False,
153,737287,5764,4159,1605,506134,0.011260055714224318,0.7215475364330326,False,
154,737288,792,792,0,511106,0.001547183227908685,1.0,True,positive
155,737336,1163,1163,0,510735,0.0022719369874467177,1.0,True,positive
156,737344,41146,30302,10844,470752,0.08037929431253883,0.7364506877946824,False,
157,737351,694,683,11,511204,0.0013557388385967517,0.984149855907781,False,
158,737354,992,992,0,510906,0.0019378860632391609,1.0,True,positive
159,737359,694,590,104,511204,0.0013557388385967517,0.8501440922190202,False,
160,737365,503,502,1,511395,0.0009826176308561471,0.9980119284294234,False,
161,737370,652,467,185,511246,0.0012736912431773517,0.7162576687116564,False,
162,737379,2056,2054,2,509842,0.004016425147197293,0.9990272373540856,False,
163,737383,1440,1422,18,510458,0.002813060414379427,0.9875,False,
164,737390,694,532,162,511204,0.0013557388385967517,0.7665706051873199,False,
165,737400,3614,711,2903,508284,0.007060000234421701,0.19673491975650248,False,
166,737403,539,260,279,511359,0.0010529441412156328,0.48237476808905383,False,
167,737421,916,323,593,510982,0.00178941898581358,0.35262008733624456,False,
168,737452,916,345,571,510982,0.00178941898581358,0.37663755458515286,False,
169,737469,1435,1435,0,510463,0.002803292843496165,1.0,True,positive
170,737532,577,39,538,511321,0.0011271776799284233,0.06759098786828423,False,
171,737538,546,546,0,511352,0.0010666187404521994,1.0,True,positive
172,737540,673,673,0,511225,0.0013147150408870517,1.0,True,positive
173,737541,652,69,583,511246,0.0012736912431773517,0.1058282208588957,False,
174,737623,2186,199,1987,509712,0.004270381990162103,0.09103385178408051,False,
175,737723,520,75,445,511378,0.0010158273718592376,0.14423076923076922,False,
176,737822,6764,1324,5440,505134,0.013213569890876698,0.19574216439976344,False,
177,737823,6585,3056,3529,505313,0.012863890853255922,0.46408504176157933,False,
178,737824,6619,3031,3588,505279,0.012930310335262103,0.4579241577277534,False,
179,737825,6343,2660,3683,505555,0.012391140422506046,0.4193599243260287,False,
180,737826,6414,2362,4052,505484,0.012529839929048365,0.3682569379482382,False,
181,752282,4397,648,3749,507501,0.008589601834740515,0.14737320900614054,False,
182,752303,1006,1006,0,510892,0.0019652352617122943,1.0,True,positive
183,752310,1148,1148,0,510750,0.002242634274796932,1.0,True,positive
184,752311,653,630,23,511245,0.0012756447573540042,0.9647779479326187,False,
185,752313,25331,24702,629,486567,0.04948446760878144,0.9751687655441948,False,
186,752323,884,884,0,511014,0.0017269065321607038,1.0,True,positive
187,752327,1471,379,1092,510427,0.002873619353855651,0.2576478585995921,False,
188,752339,596,596,0,511302,0.0011642944492848185,1.0,True,positive
189,752344,3526,3526,0,508372,0.006888090986876292,1.0,True,positive
190,752347,6739,3376,3363,505159,0.013164732036460389,0.5009645347974477,False,
191,752359,4493,4493,0,507405,0.008777139195699142,1.0,True,positive
192,752386,1601,1598,3,510297,0.0031275761968204605,0.9981261711430356,False,
193,752395,870,870,0,511028,0.0016995573336875706,1.0,True,positive
194,752398,577,273,304,511321,0.0011271776799284233,0.4731369150779896,False,
195,752407,81126,21658,59468,430772,0.15848079109510096,0.2669674333752434,False,
196,752411,77112,2106,75006,434786,0.15063938519001832,0.0273109243697479,False,
197,752434,15523,3893,11630,496375,0.030324400564174896,0.2507891515815242,False,
198,752436,1823,1817,6,510075,0.0035612563440372887,0.9967087218869994,False,
199,752450,12571,50,12521,499327,0.024557626714697068,0.003977408320738207,False,
200,752471,10633,236,10397,501265,0.020771716240344757,0.02219505313646196,False,
201,752475,1134,1134,0,510764,0.002215285076323799,1.0,True,positive
202,752479,1350,1350,0,510548,0.002637244138480713,1.0,True,positive
203,752480,870,870,0,511028,0.0016995573336875706,1.0,True,positive
204,752493,86035,3893,82142,425863,0.16807059218828752,0.045249026558958565,False,
205,752496,3156,1266,1890,508742,0.0061652907415149115,0.4011406844106464,False,
206,752505,10544,18,10526,501354,0.020597853478622693,0.0017071320182094083,False,
207,752506,2105,2102,3,509793,0.00411214734185326,0.9985748218527316,False,
208,752522,1862,1003,859,510036,0.0036374433969267317,0.5386680988184748,False,
209,752533,1471,385,1086,510427,0.002873619353855651,0.26172671651937457,False,
210,752538,577,117,460,511321,0.0011271776799284233,0.2027729636048527,False,
211,752546,2174,1930,244,509724,0.0042469398200422745,0.8877644894204232,False,
212,752550,895,895,0,511003,0.0017483951881038802,1.0,True,positive
213,752560,996,996,0,510902,0.0019457001199457704,1.0,True,positive
214,752563,57305,2998,54307,454593,0.11194612989306463,0.052316551784312014,False,
215,752567,823,823,0,511075,0.0016077421673849088,1.0,True,positive
216,752579,5036,4656,380,506862,0.009837897393621385,0.9245432883240667,False,
217,752584,995,984,11,510903,0.0019437466057691181,0.9889447236180905,False,
218,752590,62329,17552,44777,449569,0.12176058511656619,0.2816024643424409,False,
219,752594,12596,4907,7689,499302,0.02460646456911338,0.38956811686249604,False,
220,752595,12960,32,12928,498938,0.025317543729414846,0.0024691358024691358,False,
221,774024,650,639,11,511248,0.001269784214824047,0.9830769230769231,False,
222,809005,1239,1042,197,510659,0.0024204040648722986,0.841000807102502,False,
223,809009,26502,1613,24889,485396,0.051772032709641376,0.06086333106935326,False,
224,809014,39091,1789,37302,472807,0.07636482267951819,0.045765009848814306,False,
225,809018,39443,1848,37595,472455,0.07705245966969983,0.046852419947772735,False,
226,809021,2376,475,1901,509522,0.004641549683726055,0.1999158249158249,False,
227,809022,38866,1834,37032,473032,0.0759252819897714,0.04718777337518654,False,
228,809023,38786,1717,37069,473112,0.07576900085563922,0.04426855050791523,False,
229,809024,34469,1780,32689,477429,0.06733568015503089,0.051640604601235894,False,
230,809027,35733,3081,32652,476165,0.06980492207431949,0.08622281924271681,False,
231,809030,544,0,544,511354,0.0010627117120988946,0.0,True,negative
232,809031,26919,1347,25572,484979,0.05258664812130542,0.050039005906608716,False,
233,809032,36835,1888,34947,475063,0.07195769469699041,0.051255599294149586,False,
234,809035,38508,1992,36516,473390,0.07522592391452984,0.05172951075101278,False,
235,809036,611,144,467,511287,0.0011935971619346042,0.23567921440261866,False,
236,809039,36648,1766,34882,475250,0.07159238754595643,0.04818816852215673,False,
237,809044,38530,2656,35874,473368,0.0752689012264162,0.06893329872826369,False,
238,809048,33870,1476,32394,478028,0.06616552516321611,0.04357838795394154,False,
239,809051,38170,1908,36262,473728,0.07456563612282134,0.0499869007073618,False,
240,809054,38910,2906,36004,472988,0.0760112366135441,0.07468517090722179,False,
241,809057,38215,1714,36501,473683,0.0746535442607707,0.0448514981028392,False,
242,809059,27360,1308,26052,484538,0.05344814787320912,0.04780701754385965,False,
243,809061,39403,1961,37442,472495,0.07697431910263373,0.04976778417886963,False,
244,809062,39605,1907,37698,472293,0.0773689289663175,0.0481504860497412,False,
245,809063,38447,1171,37276,473451,0.07510675954975406,0.03045751293989128,False,
246,809073,38920,1524,37396,472978,0.07603077175531063,0.039157245632065775,False,
247,809076,12532,799,11733,499366,0.024481439661807627,0.06375678263645068,False,
248,809077,26556,1286,25270,485342,0.051877522475180605,0.04842596776622985,False,
249,809079,32323,3039,29284,479575,0.06314343873193488,0.0940197382668688,False,
250,809080,38263,1141,37122,473635,0.07474731294125002,0.029819930481143665,False,
251,809086,39620,2190,37430,472278,0.0773982316789673,0.05527511357900051,False,
252,809088,13837,693,13144,498061,0.027030775662338982,0.050083110500831106,False,
253,809089,35563,2447,33116,476335,0.06947282466428858,0.06880746843629615,False,
254,809091,39137,1824,37313,472761,0.0764546843316442,0.0466055139637683,False,
255,809096,612,612,0,511286,0.0011955506761112565,1.0,True,positive
256,809099,38734,1744,36990,473164,0.07566741811845329,0.04502504259823411,False,
257,809100,11158,691,10467,500740,0.021797311183087257,0.06192866105036745,False,
258,809101,38065,1399,36666,473833,0.07436051713427284,0.03675292263233942,False,
259,809102,36463,2483,33980,475435,0.07123098742327573,0.06809642651454899,False,
260,809105,37429,1376,36053,474469,0.07311808211792192,0.036762937828956156,False,
261,809106,36753,2286,34467,475145,0.07179750653450492,0.062199004162925474,False,
262,809109,912,304,608,510986,0.0017816049291069706,0.3333333333333333,False,
263,809113,24141,1131,23010,487757,0.04715978573856511,0.046849757673667204,False,
264,809114,561,116,445,511337,0.001095921453101985,0.20677361853832443,False,
265,809115,958,629,329,510940,0.00187146658123298,0.6565762004175365,False,
266,809116,722,209,513,511176,0.0014104372355430183,0.2894736842105263,False,
267,809118,932,332,600,510966,0.0018206752126400181,0.3562231759656652,False,
268,809119,591,208,383,511307,0.0011545268784015565,0.35194585448392557,False,
269,809121,1007,503,504,510891,0.0019671887758889468,0.49950347567030784,False,
270,809130,509,152,357,511389,0.0009943387159160615,0.29862475442043224,False,
271,809133,784,338,446,511114,0.0015315551144954658,0.43112244897959184,False,
272,809134,577,223,354,511321,0.0011271776799284233,0.38648180242634317,False,
273,809136,662,248,414,511236,0.0012932263849438756,0.37462235649546827,False,
274,809138,972,418,554,510926,0.0018988157797061134,0.43004115226337447,False,
275,809139,867,445,422,511031,0.0016936967911576133,0.5132641291810842,False,
276,809141,813,239,574,511085,0.001588207025618385,0.2939729397293973,False,
277,809142,703,63,640,511195,0.001373320466186623,0.08961593172119488,False,
278,809143,502,126,376,511396,0.0009806641166794946,0.250996015936255,False,
279,809144,561,125,436,511337,0.001095921453101985,0.22281639928698752,False,
280,809145,698,182,516,511200,0.0013635528953033613,0.2607449856733524,False,
281,809147,743,127,616,511155,0.0014514610332527183,0.17092866756393002,False,
282,809149,886,293,593,511012,0.0017308135605140086,0.3306997742663657,False,
283,809151,719,228,491,511179,0.0014045766930130613,0.31710709318497915,False,
284,809152,724,251,473,511174,0.001414344263896323,0.34668508287292815,False,
285,809153,672,296,376,511226,0.0013127615267103994,0.44047619047619047,False,
286,809154,703,327,376,511195,0.001373320466186623,0.465149359886202,False,
287,809155,713,334,379,511185,0.001392855607953147,0.4684431977559607,False,
288,809156,668,343,325,511230,0.0013049474700037899,0.5134730538922155,False,
289,809158,562,207,355,511336,0.0010978749672786376,0.3683274021352313,False,
290,809160,509,124,385,511389,0.0009943387159160615,0.24361493123772102,False,
291,809162,739,193,546,511159,0.0014436469765461088,0.26116373477672533,False,
292,809163,855,428,427,511043,0.001670254621037785,0.5005847953216375,False,
293,809165,567,255,312,511331,0.0011076425381618994,0.4497354497354497,False,
294,809166,906,307,599,510992,0.0017698838440470563,0.33885209713024284,False,
295,809167,901,334,567,510997,0.0017601162731637943,0.3706992230854606,False,
296,809168,653,198,455,511245,0.0012756447573540042,0.30321592649310875,False,
297,809170,812,417,395,511086,0.0015862535114417326,0.5135467980295566,False,
298,809171,825,385,440,511073,0.0016116491957382136,0.4666666666666667,False,
299,809172,591,197,394,511307,0.0011545268784015565,0.3333333333333333,False,
300,809173,882,269,613,511016,0.001722999503807399,0.30498866213151926,False,
301,809174,1112,522,590,510786,0.0021723077644374466,0.4694244604316547,False,
302,809175,905,396,509,510993,0.0017679303298704038,0.4375690607734807,False,
303,809177,718,111,607,511180,0.0014026231788364088,0.15459610027855153,False,
304,809179,621,245,376,511277,0.001213132303701128,0.394524959742351,False,
305,809181,687,140,547,511211,0.0013420642393601851,0.20378457059679767,False,
306,809182,632,131,501,511266,0.0012346209596443042,0.20727848101265822,False,
307,809183,713,203,510,511185,0.001392855607953147,0.2847124824684432,False,
308,809184,975,216,759,510923,0.0019046763222360704,0.22153846153846155,False,
309,809185,719,97,622,511179,0.0014045766930130613,0.1349095966620306,False,
310,809186,608,237,371,511290,0.001187736619404647,0.38980263157894735,False,
311,809187,735,118,617,511163,0.0014358329198394992,0.16054421768707483,False,
312,809188,959,343,616,510939,0.0018734200954096324,0.35766423357664234,False,
313,809189,895,299,596,511003,0.0017483951881038802,0.3340782122905028,False,
314,809190,857,228,629,511041,0.0016741616493910897,0.2660443407234539,False,
315,809191,534,182,352,511364,0.001043176570332371,0.3408239700374532,False,
316,809193,586,187,399,511312,0.0011447593075182947,0.3191126279863481,False,
317,809194,890,301,589,511008,0.0017386276172206181,0.3382022471910112,False,
318,809195,580,109,471,511318,0.0011330382224583803,0.1879310344827586,False,
319,809196,667,277,390,511231,0.0013029939558271374,0.41529235382308843,False,
320,809197,741,334,407,511157,0.0014475540048994135,0.4507422402159244,False,
321,809198,853,352,501,511045,0.0016663475926844802,0.4126611957796014,False,
322,809200,616,214,402,511282,0.001203364732817866,0.3474025974025974,False,
323,809202,662,274,388,511236,0.0012932263849438756,0.41389728096676737,False,
324,809204,736,286,450,511162,0.0014377864340161517,0.38858695652173914,False,
325,809205,862,232,630,511036,0.0016839292202743515,0.2691415313225058,False,
326,809207,702,131,571,511196,0.0013713669520099708,0.1866096866096866,False,
327,809209,705,117,588,511193,0.0013772274945399279,0.16595744680851063,False,
328,809211,585,165,420,511313,0.0011428057933416424,0.28205128205128205,False,
329,809212,569,215,354,511329,0.0011115495665152042,0.37785588752196836,False,
330,809213,612,85,527,511286,0.0011955506761112565,0.1388888888888889,False,
331,809214,579,107,472,511319,0.001131084708281728,0.1848013816925734,False,
332,809215,719,162,557,511179,0.0014045766930130613,0.22531293463143254,False,
333,809216,646,141,505,511252,0.0012619701581174374,0.21826625386996903,False,
334,809219,923,434,489,510975,0.0018030935850501468,0.47020585048754066,False,
335,809220,864,447,417,511034,0.0016878362486276563,0.5173611111111112,False,
336,809221,506,209,297,511392,0.0009884781733861042,0.41304347826086957,False,
337,809223,885,202,683,511013,0.0017288600463373563,0.22824858757062147,False,
338,809227,914,418,496,510984,0.0017855119574602754,0.4573304157549234,False,
339,809228,556,57,499,511342,0.0010861538822187233,0.10251798561151079,False,
340,809229,715,42,673,511183,0.0013967626363064517,0.05874125874125874,False,
341,809230,930,227,703,510968,0.0018167681842867133,0.24408602150537634,False,
342,809231,711,306,405,511187,0.0013889485795998422,0.43037974683544306,False,
343,809233,741,219,522,511157,0.0014475540048994135,0.29554655870445345,False,
344,809234,598,302,296,511300,0.0011682014776381233,0.5050167224080268,False,
345,809235,573,193,380,511325,0.0011193636232218137,0.3368237347294939,False,
346,809236,998,480,518,510900,0.0019496071482990752,0.48096192384769537,False,
347,809238,987,418,569,510911,0.001928118492355899,0.42350557244174264,False,
348,809239,670,117,553,511228,0.0013088544983570947,0.1746268656716418,False,
349,809240,774,110,664,511124,0.0015120199727289422,0.1421188630490956,False,
350,809241,706,248,458,511192,0.0013791810087165803,0.35127478753541075,False,
351,809242,698,160,538,511200,0.0013635528953033613,0.22922636103151864,False,
352,809243,626,331,295,511272,0.0012228998745843899,0.5287539936102237,False,
353,809244,575,177,398,511323,0.0011232706515751185,0.30782608695652175,False,
354,809245,524,87,437,511374,0.0010236414285658471,0.16603053435114504,False,
355,809248,741,264,477,511157,0.0014475540048994135,0.3562753036437247,False,
356,809249,700,168,532,511198,0.001367459923656666,0.24,False,
357,809250,566,219,347,511332,0.0011056890239852471,0.3869257950530035,False,
358,809252,548,188,360,511350,0.0010705257688055042,0.34306569343065696,False,
359,809255,956,604,352,510942,0.0018675595528796752,0.6317991631799164,False,
360,809256,734,229,505,511164,0.001433879405662847,0.3119891008174387,False,
361,809257,717,145,572,511181,0.0014006696646597565,0.20223152022315202,False,
362,809258,646,363,283,511252,0.0012619701581174374,0.5619195046439629,False,
363,809260,660,306,354,511238,0.0012893193565905708,0.4636363636363636,False,
364,809262,974,483,491,510924,0.0019027228080594181,0.49589322381930184,False,
365,809264,674,70,604,511224,0.001316668555063704,0.10385756676557864,False,
366,809265,790,221,569,511108,0.0015432761995553801,0.27974683544303797,False,
367,809266,586,263,323,511312,0.0011447593075182947,0.44880546075085326,False,
368,809267,705,266,439,511193,0.0013772274945399279,0.3773049645390071,False,
369,809268,605,96,509,511293,0.0011818760768746899,0.15867768595041323,False,
370,809269,675,140,535,511223,0.0013186220692403565,0.2074074074074074,False,
371,809270,587,54,533,511311,0.0011467128216949471,0.0919931856899489,False,
372,809271,872,206,666,511026,0.0017034643620408754,0.23623853211009174,False,
373,809274,748,302,446,511150,0.0014612286041359801,0.4037433155080214,False,
374,809275,592,289,303,511306,0.001156480392578209,0.48817567567567566,False,
375,809276,633,118,515,511265,0.0012365744738209565,0.18641390205371247,False,
376,809277,719,97,622,511179,0.0014045766930130613,0.1349095966620306,False,
377,809278,1031,599,432,510867,0.0020140731161286036,0.5809893307468477,False,
378,809280,892,240,652,511006,0.0017425346455739229,0.26905829596412556,False,
379,809281,647,82,565,511251,0.0012639236722940899,0.1267387944358578,False,
380,809282,625,253,372,511273,0.0012209463604077374,0.4048,False,
381,809283,1050,384,666,510848,0.002051189885484999,0.3657142857142857,False,
382,809284,700,106,594,511198,0.001367459923656666,0.15142857142857144,False,
383,809285,961,715,246,510937,0.0018773271237629372,0.7440166493236212,False,
384,809292,36784,1432,35352,475114,0.07185806547398114,0.038929969551979124,False,
385,809296,12996,611,12385,498902,0.02538787023977433,0.047014465989535244,False,
386,809302,39696,1808,37888,472202,0.07754669875639288,0.04554615074566707,False,
387,809308,35317,1672,33645,476581,0.0689922601768321,0.047342639522043206,False,
388,809313,721,721,0,511177,0.001408483721366366,1.0,True,positive
389,809314,36420,1861,34559,475478,0.07114698631367967,0.05109829763866008,False,
390,809316,39051,1902,37149,472847,0.07628668211245208,0.048705538910655294,False,
391,809322,39088,2261,36827,472810,0.07635896213698823,0.05784383954154728,False,
392,809324,38969,1820,37149,472929,0.0761264939499666,0.04670379019220406,False,
393,809328,38456,1281,37175,473442,0.07512434117734393,0.03331079675473268,False,
394,809330,27286,2155,25131,484612,0.05330358782413684,0.07897823059444403,False,
395,809331,1167,0,1167,510731,0.0022797510441533273,0.0,True,negative
396,809333,27022,1434,25588,484876,0.05278786008150061,0.05306787062393605,False,
397,809335,13566,812,12754,498332,0.026501373320466187,0.05985552115583075,False,
398,809336,1692,391,1301,510206,0.003305345986895827,0.23108747044917258,False,
399,809337,12743,600,12143,499155,0.024893631153081276,0.04708467393863298,False,
400,809343,37280,1378,35902,474618,0.07282700850560073,0.03696351931330472,False,
401,809348,25356,1389,23967,486542,0.049533305463197744,0.054779933743492666,False,
402,809349,38136,2178,35958,473762,0.07449921664081516,0.05711139081183134,False,
403,809351,38486,1924,36562,473412,0.07518294660264349,0.04999220495764694,False,
404,809359,36737,1856,34881,475161,0.07176625030767848,0.050521272831205596,False,
405,809361,1484,1459,25,510414,0.002899015038152132,0.9831536388140162,False,
406,809364,611,363,248,511287,0.0011935971619346042,0.5941080196399345,False,
407,809366,904,235,669,510994,0.0017659768156937515,0.25995575221238937,False,
408,809369,27061,1653,25408,484837,0.05286404713439005,0.06108421713905621,False,
409,809370,39344,1850,37494,472554,0.07685906176621124,0.04702114680764538,False,
410,809377,38994,1874,37120,472904,0.0761753318043829,0.048058675693696463,False,
411,809383,10228,406,9822,501670,0.019980542998800543,0.03969495502542041,False,
412,809386,560,188,372,511338,0.0010939679389253328,0.3357142857142857,False,
413,809389,1167,11,1156,510731,0.0022797510441533273,0.009425878320479864,False,
414,809393,25294,1292,24002,486604,0.0494121875842453,0.05107930734561556,False,
415,809401,38600,1891,36709,473298,0.07540564721878186,0.04898963730569948,False,
416,809402,12730,497,12233,499168,0.024868235468784798,0.039041633935585233,False,
417,809408,39146,1476,37670,472752,0.07647226595923406,0.037705001788177595,False,
418,809409,37633,3284,34349,474265,0.07351659900995902,0.08726383758934977,False,
419,809411,13325,668,12657,498573,0.026030576403892964,0.0501313320825516,False,
420,809414,782,757,25,511116,0.001527648086142161,0.9680306905370843,False,
421,809418,1342,1324,18,510556,0.002621616025067494,0.9865871833084948,False,
422,809421,1578,359,1219,510320,0.0030826453707574557,0.22750316856780736,False,
423,809423,36186,1647,34539,475712,0.07068986399634303,0.0455148399933676,False,
424,809425,39327,1932,37395,472571,0.07682585202520814,0.04912655427568846,False,
425,809426,38790,1267,37523,473108,0.07577681491234582,0.032663057489043565,False,
426,809428,34955,1836,33119,476943,0.06828508804488394,0.05252467458160492,False,
427,809431,39074,1925,37149,472824,0.07633161293851509,0.04926549623790756,False,
428,809433,10443,532,9911,501455,0.020400548546780806,0.05094321555108685,False,
429,809434,936,237,699,510962,0.0018284892693466277,0.2532051282051282,False,
430,845045,17281,9659,7622,494617,0.033758678486729775,0.5589375614837104,False,
431,845047,841,841,0,511057,0.0016429054225646515,1.0,True,positive
432,845061,575,575,0,511323,0.0011232706515751185,1.0,True,positive
433,845063,8247,521,7726,503651,0.016110631414852177,0.06317448769249424,False,
434,845073,726,716,10,511172,0.0014182512922496279,0.9862258953168044,False,
435,845083,1505,1505,0,510393,0.002940038835861832,1.0,True,positive
436,845088,703,698,5,511195,0.001373320466186623,0.9928876244665719,False,
437,845089,518,518,0,511380,0.0010119203435059328,1.0,True,positive
438,845098,767,374,393,511131,0.0014983453734923754,0.4876140808344198,False,
439,845099,907,907,0,510991,0.0017718373582237086,1.0,True,positive
440,845100,634,634,0,511264,0.001238527987997609,1.0,True,positive
441,845102,8328,6294,2034,503570,0.01626886606316102,0.7557636887608069,False,
442,845103,1344,252,1092,510554,0.002625523053420799,0.1875,False,
443,845105,912,802,110,510986,0.0017816049291069706,0.8793859649122807,False,
444,845123,1093,1074,19,510805,0.0021351909950810513,0.9826166514181153,False,
445,845125,1334,1334,0,510564,0.002605987911654275,1.0,True,positive
446,845127,8542,813,7729,503356,0.01668691809696463,0.09517677358932335,False,
447,845155,930,930,0,510968,0.0018167681842867133,1.0,True,positive
448,845164,15101,11406,3695,496797,0.02950001758162759,0.7553142176014833,False,
449,845169,24639,6111,18528,487259,0.04813263579853799,0.24802142944112993,False,
450,845173,9381,3715,5666,502517,0.018325916491175976,0.3960132182070142,False,
451,845177,23780,6333,17447,488118,0.04645456712079359,0.2663162321278385,False,
452,845185,2024,1637,387,509874,0.003953912693544417,0.8087944664031621,False,
453,845196,6493,3915,2578,505405,0.012684167549003903,0.6029570306483906,False,
454,845199,57843,414,57429,454055,0.11299712052010362,0.007157305119029096,False,
455,845201,1366,1357,9,510532,0.002668500365307151,0.9934114202049781,False,
456,845206,4258,1334,2924,507640,0.008318063364185833,0.3132926256458431,False,
457,845207,1002,960,42,510896,0.0019574212050056847,0.9580838323353293,False,
458,845210,573,465,108,511325,0.0011193636232218137,0.8115183246073299,False,
459,845225,7351,742,6609,504547,0.014360282712571644,0.10093864780302,False,
460,845240,1226,1226,0,510672,0.002395008380575818,1.0,True,positive
461,845245,15636,219,15417,496262,0.030545147666136613,0.014006139677666922,False,
462,845248,840,484,356,511058,0.0016409519083879992,0.5761904761904761,False,
463,845256,2780,101,2679,509118,0.005430769411093616,0.03633093525179856,False,
464,845258,767,447,320,511131,0.0014983453734923754,0.5827900912646675,False,
465,845263,879,22,857,511019,0.001717138961277442,0.02502844141069397,False,
466,845264,1002,958,44,510896,0.0019574212050056847,0.9560878243512974,False,
467,845266,1122,1086,36,510776,0.00219184290620397,0.9679144385026738,False,
468,887762,725,725,0,511173,0.0014162977780729756,1.0,True,positive
469,938986,872,857,15,511026,0.0017034643620408754,0.9827981651376146,False,
470,954262,7267,7267,0,504631,0.014196187521732845,1.0,True,positive
471,954267,1001,1001,0,510897,0.0019554676908290322,1.0,True,positive
472,954270,547,546,1,511351,0.001068572254628852,0.9981718464351006,False,
473,954272,62490,61990,500,449408,0.12207510089900722,0.9919987197951672,False,
474,954288,915,915,0,510983,0.0017874654716369277,1.0,True,positive
475,954305,49100,48163,937,462798,0.09591754607363186,0.9809164969450102,False,
476,954319,853,853,0,511045,0.0016663475926844802,1.0,True,positive
477,954333,4174,490,3684,507724,0.008153968173347034,0.11739338763775754,False,
478,954336,623,623,0,511275,0.0012170393320544326,1.0,True,positive
479,954338,12489,7047,5442,499409,0.024397438552211572,0.5642565457602691,False,
480,954352,1620,1620,0,510278,0.0031646929661768557,1.0,True,positive
481,954359,688,627,61,511210,0.0013440177535368374,0.9113372093023255,False,
482,954362,5817,5817,0,506081,0.011363591965586894,1.0,True,positive
483,954363,1045,1045,0,510853,0.0020414223146017372,1.0,True,positive
484,1301404,622,342,280,511276,0.0012150858178777803,0.5498392282958199,False,
485,1301419,564,382,182,511334,0.0011017819956319424,0.6773049645390071,False,
486,1301420,663,0,663,511235,0.0012951798991205278,0.0,True,negative
487,1301428,1256,885,371,510642,0.0024536138058753893,0.7046178343949044,False,
488,1301434,645,645,0,511253,0.0012600166439407851,1.0,True,positive
489,1301435,579,418,161,511319,0.001131084708281728,0.7219343696027634,False,
490,1301436,507,342,165,511391,0.0009904316875627567,0.6745562130177515,False,
491,1301444,819,0,819,511079,0.0015999281106782992,0.0,True,negative
492,1301460,3827,1873,1954,508071,0.007476098754048658,0.4894172981447609,False,
493,1301474,683,683,0,511215,0.0013342501826535756,1.0,True,positive
494,1301477,594,594,0,511304,0.0011603874209315137,1.0,True,positive
495,1301478,658,658,0,511240,0.001285412328237266,1.0,True,positive
496,1301485,2453,652,1801,509445,0.004791970275328288,0.2657969832857725,False,
497,1301488,592,591,1,511306,0.001156480392578209,0.9983108108108109,False,
498,1301518,1428,265,1163,510470,0.0027896182442595984,0.18557422969187676,False,
499,1301544,1672,1672,0,510226,0.0032662757033627794,1.0,True,positive
500,1301545,41591,302,41289,470307,0.08124860812114913,0.007261186314346854,False,
501,1301608,1100,538,562,510798,0.002148865594317618,0.4890909090909091,False,
502,1301619,672,672,0,511226,0.0013127615267103994,1.0,True,positive
503,1301620,29169,719,28450,482729,0.05698205501877327,0.024649456614899378,False,
504,1301623,976,975,1,510922,0.001906629836412723,0.9989754098360656,False,
505,1301709,2732,1454,1278,509166,0.005337000730614302,0.5322108345534406,False,
506,1301716,576,55,521,511322,0.0011252241657517708,0.0954861111111111,False,
507,1301717,10674,10044,630,501224,0.020851810321587505,0.9409780775716695,False,
508,1301766,752,0,752,511146,0.0014690426608425897,0.0,True,negative
509,1301795,622,0,622,511276,0.0012150858178777803,0.0,True,negative
510,1301815,947,943,4,510951,0.0018499779252898038,0.9957761351636748,False,
511,1301828,684,684,0,511214,0.0013362036968302279,1.0,True,positive
512,1301859,744,284,460,511154,0.0014534145474293706,0.3817204301075269,False,
513,1301866,1686,809,877,510212,0.0032936249018359126,0.47983392645314354,False,
514,1301878,547,547,0,511351,0.001068572254628852,1.0,True,positive
515,1301886,1135,1135,0,510763,0.0022172385905004513,1.0,True,positive
516,1301890,1801,506,1295,510097,0.0035182790321509365,0.2809550249861188,False,
517,1301902,511,511,0,511387,0.0009982457442693662,1.0,True,positive
518,1495259,1599,0,1599,510299,0.0031236691684671555,0.0,True,negative
519,1495276,1227,1219,8,510671,0.00239696189475247,0.993480032599837,False,
520,1495291,887,887,0,511011,0.001732767074690661,1.0,True,positive
521,1495333,1456,0,1456,510442,0.0028443166412058653,0.0,True,negative
522,1495346,36234,4926,31308,475664,0.07078363267682233,0.13594966053982446,False,
523,1495379,1652,62,1590,510246,0.0032272054198297317,0.03753026634382567,False,
524,1495388,1585,1,1584,510313,0.0030963199699940223,0.0006309148264984228,False,
525,1495405,1420,437,983,510478,0.0027739901308463794,0.3077464788732394,False,
526,1495406,1467,1467,0,510431,0.0028658052971490414,1.0,True,positive
527,1495415,1329,354,975,510569,0.002596220340771013,0.26636568848758463,False,
528,1495421,1337,461,876,510561,0.002611848454184232,0.34480179506357517,False,
529,1527879,748,748,0,511150,0.0014612286041359801,1.0,True,positive
530,1528014,574,574,0,511324,0.001121317137398466,1.0,True,positive
531,1528015,574,574,0,511324,0.001121317137398466,1.0,True,positive
532,1528048,587,587,0,511311,0.0011467128216949471,1.0,True,positive
533,1528050,555,554,1,511343,0.0010842003680420708,0.9981981981981982,False,
534,1528055,702,702,0,511196,0.0013713669520099708,1.0,True,positive
535,1528086,504,504,0,511394,0.0009845711450327994,1.0,True,positive
536,1528121,638,638,0,511260,0.0012463420447042185,1.0,True,positive
537,1528149,561,561,0,511337,0.001095921453101985,1.0,True,positive
538,1528225,568,568,0,511330,0.001109596052338552,1.0,True,positive
539,1528310,521,514,7,511377,0.0010177808860358899,0.9865642994241842,False,
540,1528416,596,596,0,511302,0.0011642944492848185,1.0,True,positive
541,1528786,733,733,0,511165,0.0014319258914861945,1.0,True,positive
542,1528801,527,527,0,511371,0.0010295019710958042,1.0,True,positive
543,1528837,679,679,0,511219,0.001326436125946966,1.0,True,positive
544,1536249,545,545,0,511353,0.0010646652262755471,1.0,True,positive
545,1637322,616,616,0,511282,0.001203364732817866,1.0,True,positive
546,1637323,615,615,0,511283,0.0012014112186412137,1.0,True,positive
547,1637324,619,619,0,511279,0.0012092252753478233,1.0,True,positive
548,1637325,585,585,0,511313,0.0011428057933416424,1.0,True,positive
549,1637326,553,553,0,511345,0.001080293339688766,1.0,True,positive
550,1637327,552,552,0,511346,0.0010783398255121137,1.0,True,positive
551,1637329,561,561,0,511337,0.001095921453101985,1.0,True,positive
552,1640340,631,631,0,511267,0.0012326674454676517,1.0,True,positive
553,1640395,582,582,0,511316,0.001136945250811685,1.0,True,positive
554,1641435,699,699,0,511199,0.0013655064094800135,1.0,True,positive
555,1641467,549,549,0,511349,0.0010724792829821567,1.0,True,positive
556,1641468,1051,1051,0,510847,0.0020531433996616513,1.0,True,positive
557,1641471,615,615,0,511283,0.0012014112186412137,1.0,True,positive
558,1641660,787,786,1,511111,0.001537415657025423,0.9987293519695044,False,
559,1641705,620,620,0,511278,0.0012111787895244756,1.0,True,positive
560,1641706,607,607,0,511291,0.0011857831052279947,1.0,True,positive
561,1642374,700,700,0,511198,0.001367459923656666,1.0,True,positive
562,1642489,552,552,0,511346,0.0010783398255121137,1.0,True,positive
563,1917551,558,552,6,511340,0.001090060910572028,0.989247311827957,False,
564,1936902,817,815,2,511081,0.0015960210823249945,0.9975520195838433,False,
565,1936904,539,526,13,511359,0.0010529441412156328,0.9758812615955473,False,
566,2083972,606,606,0,511292,0.0011838295910513422,1.0,True,positive
567,2083973,634,634,0,511264,0.001238527987997609,1.0,True,positive
568,2083974,557,557,0,511341,0.0010881073963953756,1.0,True,positive
569,2306513,1120,33,1087,510778,0.0021879358778506657,0.029464285714285714,False,
570,2484303,693,400,293,511205,0.0013537853244200992,0.5772005772005772,False,
571,2587219,504,504,0,511394,0.0009845711450327994,1.0,True,positive
572,2587420,1131,1131,0,510767,0.002209424533793842,1.0,True,positive
573,2587521,787,786,1,511111,0.001537415657025423,0.9987293519695044,False,
574,2587609,552,552,0,511346,0.0010783398255121137,1.0,True,positive
575,2587666,541,541,0,511357,0.0010568511695689376,1.0,True,positive
576,2587667,555,555,0,511343,0.0010842003680420708,1.0,True,positive
577,2587784,564,564,0,511334,0.0011017819956319424,1.0,True,positive
578,2587800,1051,1051,0,510847,0.0020531433996616513,1.0,True,positive
579,2587802,917,917,0,510981,0.0017913724999902324,1.0,True,positive
580,2588255,786,785,1,511112,0.0015354621428487706,0.9987277353689568,False,
581,2588256,814,814,0,511084,0.0015901605397950372,1.0,True,positive
582,2588257,794,794,0,511104,0.0015510902562619897,1.0,True,positive
583,2588267,517,517,0,511381,0.0010099668293292805,1.0,True,positive
584,2588324,1904,1904,0,509994,0.0037194909923461313,1.0,True,positive
585,2588351,523,523,0,511375,0.0010216879143891946,1.0,True,positive
586,2588407,942,942,0,510956,0.001840210354406542,1.0,True,positive
587,2588408,949,949,0,510949,0.0018538849536431086,1.0,True,positive
588,2588409,522,433,89,511376,0.0010197344002125424,0.8295019157088123,False,
589,2588463,595,594,1,511303,0.001162340935108166,0.9983193277310924,False,
590,2588607,713,713,0,511185,0.001392855607953147,1.0,True,positive
591,2589030,500,500,0,511398,0.00097675708832619,1.0,True,positive
592,2589068,811,811,0,511087,0.0015842999972650801,1.0,True,positive
593,2589069,774,774,0,511124,0.0015120199727289422,1.0,True,positive
594,2589086,693,693,0,511205,0.0013537853244200992,1.0,True,positive
595,2589446,583,583,0,511315,0.0011388987649883376,1.0,True,positive
596,2589648,558,558,0,511340,0.001090060910572028,1.0,True,positive
597,2589785,555,555,0,511343,0.0010842003680420708,1.0,True,positive
598,2589795,980,980,0,510918,0.0019144438931193324,1.0,True,positive
599,2589796,960,960,0,510938,0.0018753736095862847,1.0,True,positive
600,2589867,784,784,0,511114,0.0015315551144954658,1.0,True,positive
601,2590202,1311,1311,0,510587,0.00256105708559127,1.0,True,positive
602,2590260,525,523,2,511373,0.0010255949427424994,0.9961904761904762,False,
603,2590261,558,558,0,511340,0.001090060910572028,1.0,True,positive
604,2590350,752,752,0,511146,0.0014690426608425897,1.0,True,positive
605,2590506,763,763,0,511135,0.0014905313167857658,1.0,True,positive
606,2590559,597,596,1,511301,0.0011662479634614708,0.998324958123953,False,
607,2590587,515,515,0,511383,0.0010060598009759758,1.0,True,positive
608,2590607,961,961,0,510937,0.0018773271237629372,1.0,True,positive
609,2590711,586,586,0,511312,0.0011447593075182947,1.0,True,positive
610,2590930,753,753,0,511145,0.0014709961750192422,1.0,True,positive
611,2591534,880,880,0,511018,0.0017190924754540945,1.0,True,positive
612,2591535,567,567,0,511331,0.0011076425381618994,1.0,True,positive
613,2591574,608,608,0,511290,0.001187736619404647,1.0,True,positive
614,2591631,512,512,0,511386,0.0010001992584460185,1.0,True,positive
615,2591785,502,502,0,511396,0.0009806641166794946,1.0,True,positive
616,2591818,906,906,0,510992,0.0017698838440470563,1.0,True,positive
617,2591953,512,512,0,511386,0.0010001992584460185,1.0,True,positive
618,2592090,513,513,0,511385,0.001002152772622671,1.0,True,positive
619,2592202,750,746,4,511148,0.001465135632489285,0.9946666666666667,False,
620,2592532,808,807,1,511090,0.001578439454735123,0.9987623762376238,False,
621,2592533,805,805,0,511093,0.0015725789122051658,1.0,True,positive
622,2592534,637,594,43,511261,0.001244388530527566,0.9324960753532182,False,
623,2592758,1062,1062,0,510836,0.0020746320556048275,1.0,True,positive
624,2592774,656,656,0,511242,0.0012815052998839613,1.0,True,positive
625,2592788,752,752,0,511146,0.0014690426608425897,1.0,True,positive
626,2592855,506,506,0,511392,0.0009884781733861042,1.0,True,positive
627,2593014,741,741,0,511157,0.0014475540048994135,1.0,True,positive
628,2593278,797,797,0,511101,0.0015569507987919467,1.0,True,positive
629,2593633,619,619,0,511279,0.0012092252753478233,1.0,True,positive
630,2594038,513,513,0,511385,0.001002152772622671,1.0,True,positive
631,2594136,566,566,0,511332,0.0011056890239852471,1.0,True,positive
632,2594296,898,898,0,511000,0.0017542557306338372,1.0,True,positive
633,2594954,560,560,0,511338,0.0010939679389253328,1.0,True,positive
634,2595009,519,519,0,511379,0.001013873857682585,1.0,True,positive
635,2595060,812,812,0,511086,0.0015862535114417326,1.0,True,positive
636,2595257,1713,1707,6,510185,0.003346369784605527,0.9964973730297724,False,
637,2595273,759,682,77,511139,0.0014827172600791565,0.8985507246376812,False,
638,2595274,733,129,604,511165,0.0014319258914861945,0.17598908594815826,False,
639,2595354,690,690,0,511208,0.0013479247818901422,1.0,True,positive
640,2596061,1065,1065,0,510833,0.0020804925981347845,1.0,True,positive
641,2596292,508,508,0,511390,0.000992385201739409,1.0,True,positive
